,Unnamed: 0,ORACLE,NUM_STAT,NUM_EXECSTAT,NUM_COND,NUM_EXECCOND,NUM_MODULO,NUM_EXECMODULO,NUM_MULT,NUM_EXECMULT,NUM_DIV,NUM_EXECDIV,NUM_INVOKE,NUM_EXECINVOKE,CLASS_STACK_SIZE,COUNT,TESTNAME,PROJECT,VERSION,FAIL
0,0,Math Bug 83 - Strong Oracle,79,114,8,12,0,0,0,0,0,0,12,16,0,2,org.apache.commons.math.optimization.linear.SimplexSolverTest.testSolutionWithNegativeDecisionVariable,MATH,83,False
1,1,Math Bug 81 - Strong Oracle,219,235,10,13,0,0,8,8,1,1,18,19,0,1,org.apache.commons.math.linear.EigenDecompositionImplTest.testDimension2,MATH,81,False
2,2,Math Bug 6 - Strong Oracle,2103,18110,132,1611,0,0,29,539,6,66,247,1601,0,1,org.apache.commons.math3.fitting.GaussianFitterTest.testFit04,MATH,6,False
3,3,Math Bug 10 - Strong Oracle,737,59530157,38,3620013,0,0,45,5080000,10,290000,12,650001,0,5,org.apache.commons.math3.analysis.differentiation.DerivativeStructureTest.testTaylorAtan2,MATH,10,False
4,4,Math Bug 81 - Strong Oracle,118,121,6,7,0,0,2,2,0,0,14,15,0,1,org.apache.commons.math.linear.EigenDecompositionImplTest.testDimension1,MATH,81,False
5,5,Math Bug 49 - Strong Oracle,1274,32876,96,3151,0,0,7,87,5,18,204,2942,0,2,org.apache.commons.math.linear.SparseRealVectorTest.testBasicFunctions,MATH,49,False
6,6,Math Bug 49 - Strong Oracle,1323,37772,99,3646,0,0,8,90,5,21,220,3351,0,2,org.apache.commons.math.linear.SparseRealVectorTest.testBasicFunctions,MATH,49,False
7,7,Math Bug 74 - Strong Oracle,2712,5738444,156,251197,0,0,139,447673,15,5119,144,26250,0,1,org.apache.commons.math.ode.nonstiff.DormandPrince853StepInterpolatorTest.checklone,MATH,74,False
9,9,Math Bug 74 - Strong Oracle,2527,4189042,145,217735,0,0,139,305531,15,3546,132,19958,0,1,org.apache.commons.math.ode.nonstiff.DormandPrince853IntegratorTest.testKepler,MATH,74,False
10,10,Math Bug 6 - Strong Oracle,1977,657205888,200,85652356,0,0,3,2832625,2,30287,308,62092955,0,1,org.apache.commons.math3.optim.linear.SimplexSolverTest.testLargeModel,MATH,6,False
11,11,Math Bug 6 - Strong Oracle,1016,2998,81,373,0,0,2,22,0,0,137,300,0,1,org.apache.commons.math3.optim.nonlinear.vector.jacobian.MinpackTest.testMinpackKowalikOsborne,MATH,6,False
12,12,Math Bug 6 - Strong Oracle,1526,95181,154,12400,0,0,3,283,3,65,239,9565,0,1,org.apache.commons.math3.optim.linear.SimplexSolverTest.testMath288,MATH,6,False
13,13,Math Bug 69 - Strong Oracle,531,1652,42,199,0,0,13,39,8,8,28,61,0,1,org.apache.commons.math.stat.correlation.SpearmansRankCorrelationTest.testSwissFertility,MATH,69,False
14,14,Math Bug 64 - Strong Oracle,888,2377,74,230,0,0,33,92,8,14,28,40,0,2,org.apache.commons.math.optimization.general.LevenbergMarquardtOptimizerTest.testOneSet,MATH,64,False
16,16,Math Bug 64 - Strong Oracle,225,648,22,66,0,0,7,26,2,4,10,14,0,4,org.apache.commons.math.optimization.fitting.CurveFitterTest.testMath303,MATH,64,False
17,17,Math Bug 64 - Strong Oracle,12,12,0,0,0,0,0,0,0,0,2,2,0,2,org.apache.commons.math.optimization.fitting.CurveFitterTest.testMath303,MATH,64,False
18,18,Math Bug 6 - Strong Oracle,920,2035,72,259,0,0,12,34,4,4,86,100,0,1,org.apache.commons.math3.optim.nonlinear.scalar.gradient.NonLinearConjugateGradientOptimizerTest.testNonInversible,MATH,6,False
19,19,Math Bug 6 - Strong Oracle,6409,1518375073,500,171892239,0,0,263,21724510,42,283626,688,139484878,0,1,org.apache.commons.math3.optim.nonlinear.scalar.noderiv.BOBYQAOptimizerTest.testRosen,MATH,6,False
21,21,Math Bug 83 - Strong Oracle,79,114,8,12,0,0,0,0,0,0,12,16,0,1,org.apache.commons.math.optimization.linear.SimplexSolverTest.testEpsilon,MATH,83,False
22,22,Math Bug 6 - Strong Oracle,527,770,43,103,0,0,0,0,0,0,64,67,0,1,org.apache.commons.math3.optim.nonlinear.scalar.noderiv.BOBYQAOptimizerTest.testProblemDimensionTooSmall,MATH,6,False
23,23,Math Bug 74 - Strong Oracle,537,2263,32,187,0,0,25,107,9,13,35,49,0,1,org.apache.commons.math.ode.nonstiff.DormandPrince54IntegratorTest.testMinStep,MATH,74,False
24,24,Math Bug 24 - Strong Oracle,195,269,17,27,0,0,3,4,0,0,17,22,0,8,org.apache.commons.math3.optimization.direct.PowellOptimizerTest.testRelativeToleranceOnScaledValues,MATH,24,False
25,25,Math Bug 69 - Strong Oracle,531,1652,42,199,0,0,13,39,8,8,28,61,0,1,org.apache.commons.math.stat.correlation.PearsonsCorrelationTest.testSwissFertility,MATH,69,False
27,27,Math Bug 74 - Strong Oracle,3481,308566,204,23621,0,0,151,11356,22,1931,213,6132,0,10,org.apache.commons.math.ode.nonstiff.AdamsMoultonIntegratorTest.testIncreasingTolerance,MATH,74,False
29,29,Math Bug 83 - Strong Oracle,79,114,8,12,0,0,0,0,0,0,12,16,0,1,org.apache.commons.math.optimization.linear.SimplexSolverTest.testSimplexSolver,MATH,83,False
30,30,Math Bug 74 - Strong Oracle,2614,718494,152,30477,0,0,144,59088,17,1305,138,6864,0,1,org.apache.commons.math.ode.nonstiff.DormandPrince853IntegratorTest.testEvents,MATH,74,False
31,31,Math Bug 6 - Strong Oracle,727,13081,66,1894,0,0,0,0,0,0,102,1604,0,1,org.apache.commons.math3.optim.nonlinear.vector.jacobian.GaussNewtonOptimizerTest.testCircleFittingGoodInit,MATH,6,False
32,32,Math Bug 28 - Strong Oracle,773,97825,92,13006,0,0,2,279,3,62,116,9782,0,1,org.apache.commons.math3.optimization.linear.SimplexSolverTest.testMath288,MATH,28,False
33,33,Math Bug 83 - Strong Oracle,79,114,8,12,0,0,0,0,0,0,12,16,0,1,org.apache.commons.math.optimization.linear.SimplexSolverTest.testModelWithNoArtificialVars,MATH,83,False
35,35,Math Bug 39 - Strong Oracle,2068,64923,98,2587,0,0,132,5244,6,50,87,468,0,1,org.apache.commons.math.ode.events.ReappearingEventTest.testDormandPrince,MATH,39,False
36,36,Math Bug 64 - Strong Oracle,225,365,22,40,0,0,7,13,2,2,10,10,0,4,org.apache.commons.math.optimization.fitting.CurveFitterTest.testMath304,MATH,64,False
37,37,Math Bug 64 - Strong Oracle,12,12,0,0,0,0,0,0,0,0,2,2,0,2,org.apache.commons.math.optimization.fitting.CurveFitterTest.testMath304,MATH,64,False
39,39,Math Bug 6 - Strong Oracle,1004,13460,89,1823,0,0,1,9,0,0,133,1399,0,2,org.apache.commons.math3.optim.nonlinear.vector.MultiStartMultivariateVectorOptimizerTest.testNoOptimum,MATH,6,False
40,40,Math Bug 6 - Strong Oracle,1637,20519,100,947,0,0,38,1203,1,20,168,777,0,1,org.apache.commons.math3.optim.nonlinear.vector.jacobian.MinpackTest.testMinpackBrownDennis,MATH,6,False
41,41,Math Bug 6 - Strong Oracle,2013,416355,198,54497,0,0,3,1154,2,212,321,41058,0,1,org.apache.commons.math3.optim.linear.SimplexSolverTest.testMath293,MATH,6,False
42,42,Math Bug 81 - Strong Oracle,184,424,9,29,0,0,4,8,0,0,19,42,0,1,org.apache.commons.math.linear.EigenDecompositionImplTest.testDiagonal,MATH,81,False
43,43,Math Bug 16 - Strong Oracle,2517,93415,108,6874,1,22,140,3929,26,572,86,6634,0,12,org.apache.commons.math3.linear.RealVectorTest.testMap,MATH,16,False
44,44,Math Bug 6 - Strong Oracle,2027,8272,132,735,0,0,29,217,6,29,234,762,0,1,org.apache.commons.math3.fitting.GaussianFitterTest.testFit07,MATH,6,False
45,45,Math Bug 6 - Strong Oracle,727,1847,66,254,0,0,0,0,0,0,102,210,0,1,org.apache.commons.math3.optim.nonlinear.vector.jacobian.GaussNewtonOptimizerTest.testCircleFitting,MATH,6,False
46,46,Math Bug 6 - Strong Oracle,955,44122,72,5158,0,0,0,0,0,0,139,5354,0,1,org.apache.commons.math3.fitting.PolynomialFitterTest.testRedundantUnsolvable,MATH,6,False
47,47,Math Bug 6 - Strong Oracle,1557,6093,153,790,0,0,3,7,2,6,244,663,0,1,org.apache.commons.math3.optim.linear.SimplexSolverTest.testSingleVariableAndConstraint,MATH,6,False
48,48,Math Bug 16 - Strong Oracle,305,1751,9,51,0,0,25,145,2,12,8,33,0,4,org.apache.commons.math3.util.FastMathStrictComparisonTest.test1[44],MATH,16,False
49,49,Math Bug 6 - Strong Oracle,1123,2912,94,301,0,0,5,15,1,1,122,266,0,1,org.apache.commons.math3.optim.nonlinear.scalar.MultivariateFunctionPenaltyAdapterTest.testOptimumOutsideRange,MATH,6,False
50,50,Math Bug 6 - Strong Oracle,580,1214,41,109,0,0,5,9,1,1,64,117,0,1,org.apache.commons.math3.optim.nonlinear.scalar.MultivariateFunctionPenaltyAdapterTest.testOptimumOutsideRange,MATH,6,False
51,51,Math Bug 74 - Strong Oracle,1931,5522549,143,275732,0,0,62,404629,14,11241,141,50452,0,1,org.apache.commons.math.ode.nonstiff.DormandPrince54StepInterpolatorTest.checkClone,MATH,74,False
52,52,Math Bug 16 - Strong Oracle,2446,70342,106,3767,1,22,140,3929,26,572,69,1992,0,12,org.apache.commons.math3.linear.ArrayRealVectorTest.testMapToSelf,MATH,16,False
53,53,Math Bug 6 - Strong Oracle,2011,954269625,202,123751066,0,0,3,4097764,3,46282,316,90698370,0,1,org.apache.commons.math3.optim.linear.SimplexSolverTest.testMath930,MATH,6,False
54,54,Math Bug 6 - Strong Oracle,1016,5678,81,733,0,0,2,62,0,0,137,520,0,1,org.apache.commons.math3.optim.nonlinear.vector.jacobian.MinpackTest.testMinpackWatson,MATH,6,False
55,55,Math Bug 6 - Strong Oracle,977,3066,79,298,0,0,1,8,0,0,116,336,0,1,org.apache.commons.math3.optim.nonlinear.scalar.noderiv.SimplexOptimizerMultiDirectionalTest.testRosenbrock,MATH,6,False
56,56,Math Bug 6 - Strong Oracle,437,1582,23,111,0,0,1,8,0,0,66,208,0,1,org.apache.commons.math3.optim.nonlinear.scalar.noderiv.SimplexOptimizerMultiDirectionalTest.testRosenbrock,MATH,6,False
57,57,Math Bug 44 - Strong Oracle,781,3369,60,193,0,0,27,218,9,57,57,113,0,1,org.apache.commons.math.ode.nonstiff.GraggBulirschStoerIntegratorTest.testUnstableDerivative,MATH,44,False
58,58,Math Bug 6 - Strong Oracle,727,1984,66,274,0,0,0,0,0,0,102,227,0,1,org.apache.commons.math3.optim.nonlinear.vector.jacobian.GaussNewtonOptimizerTest.testTwoSets,MATH,6,False
59,59,Math Bug 6 - Strong Oracle,3745,6348,24,50,0,0,0,0,0,0,348,660,0,2,org.apache.commons.math3.optim.univariate.MultiStartUnivariateOptimizerTest.testMissingSearchInterval,MATH,6,False
60,60,Math Bug 6 - Strong Oracle,1521,6178,113,458,0,0,22,178,3,19,135,353,0,1,org.apache.commons.math3.optim.nonlinear.scalar.MultivariateFunctionMappingAdapterTest.testHalfBounded,MATH,6,False
61,61,Math Bug 6 - Strong Oracle,663,1665,40,122,0,0,13,46,2,5,72,143,0,1,org.apache.commons.math3.optim.nonlinear.scalar.MultivariateFunctionMappingAdapterTest.testHalfBounded,MATH,6,False
64,64,Math Bug 6 - Strong Oracle,1950,1219965,192,158193,0,0,3,4048,3,559,311,118188,0,1,org.apache.commons.math3.optim.linear.SimplexSolverTest.testMath828Cycle,MATH,6,False
65,65,Math Bug 6 - Strong Oracle,446,692,38,95,0,0,0,0,0,0,57,58,0,2,org.apache.commons.math3.optim.nonlinear.scalar.noderiv.PowellOptimizerTest.testBoundsUnsupported,MATH,6,False
66,66,Math Bug 74 - Strong Oracle,1769,2553790,145,234710,0,0,47,126448,14,2736,137,25606,0,1,org.apache.commons.math.ode.jacobians.FirstOrderIntegratorWithJacobiansTest.testFinalResult,MATH,74,False
67,67,Math Bug 6 - Strong Oracle,1016,2864,81,355,0,0,2,20,0,0,137,289,0,1,org.apache.commons.math3.optim.nonlinear.vector.jacobian.MinpackTest.testMinpackLinearFullRank,MATH,6,False
68,68,Math Bug 6 - Strong Oracle,726,28452,77,3428,0,0,13,1043,0,0,60,1611,0,1,org.apache.commons.math3.optim.univariate.BrentOptimizerTest.testBoundaries,MATH,6,False
69,69,Math Bug 6 - Strong Oracle,2002,60197,189,7893,0,0,4,137,2,38,323,6078,0,1,org.apache.commons.math3.optim.linear.SimplexSolverTest.testMath781,MATH,6,False
70,70,Math Bug 16 - Strong Oracle,64,70,6,6,0,0,2,2,0,0,7,7,0,12,org.apache.commons.math3.complex.ComplexTest.testCosInf,MATH,16,False
73,73,Math Bug 64 - Strong Oracle,785,4222,64,386,0,0,28,184,8,17,25,40,0,472,org.apache.commons.math.optimization.general.MinpackTest.testMinpackKowalikOsborne,MATH,64,False
76,76,Math Bug 74 - Strong Oracle,1683,62499,129,2320,0,0,78,7216,19,750,120,628,0,10,org.apache.commons.math.ode.nonstiff.HighamHall54IntegratorTest.testIncreasingTolerance,MATH,74,False
78,78,Math Bug 6 - Strong Oracle,920,1822,72,230,0,0,12,27,4,4,86,100,0,1,org.apache.commons.math3.optim.nonlinear.scalar.gradient.NonLinearConjugateGradientOptimizerTest.testRedundantEquations,MATH,6,False
81,81,Math Bug 6 - Strong Oracle,752,33569,68,4880,0,0,0,0,0,0,105,4146,0,1,org.apache.commons.math3.optim.nonlinear.vector.jacobian.GaussNewtonOptimizerTest.testHahn1,MATH,6,False
82,82,Math Bug 6 - Strong Oracle,1907,32558,179,4295,0,0,3,56,2,21,303,3320,0,1,org.apache.commons.math3.optim.linear.SimplexSolverTest.testMath434PivotRowSelection,MATH,6,False
84,84,Math Bug 6 - Strong Oracle,1909,32566,187,4290,0,0,3,68,2,20,300,3368,0,1,org.apache.commons.math3.optim.linear.SimplexSolverTest.testSimplexSolver,MATH,6,False
86,86,Math Bug 6 - Strong Oracle,2044,24056,134,2123,0,0,29,755,7,94,235,2144,0,1,org.apache.commons.math3.fitting.GaussianFitterTest.testFit05,MATH,6,False
87,87,Math Bug 6 - Strong Oracle,969,2218,73,270,0,0,16,41,4,4,86,100,0,1,org.apache.commons.math3.optim.nonlinear.scalar.gradient.NonLinearConjugateGradientOptimizerTest.testMoreEstimatedParametersSimple,MATH,6,False
88,88,Math Bug 6 - Strong Oracle,1169,14832,89,1225,0,0,12,726,1,66,144,872,0,1,org.apache.commons.math3.optim.nonlinear.vector.jacobian.MinpackTest.testMinpackOsborne1,MATH,6,False
90,90,Math Bug 6 - Strong Oracle,527,807,41,92,0,0,0,0,0,0,73,86,0,2,org.apache.commons.math3.optim.nonlinear.scalar.noderiv.PowellOptimizerTest.testMaximizeQuadratic,MATH,6,False
91,91,Math Bug 6 - Strong Oracle,1294,54511,89,5780,0,0,2,400,0,0,184,5613,0,1,org.apache.commons.math3.fitting.PolynomialFitterTest.testRedundantSolvable,MATH,6,False
93,93,Math Bug 6 - Strong Oracle,727,1436,66,194,0,0,0,0,0,0,102,159,0,1,org.apache.commons.math3.optim.nonlinear.vector.jacobian.GaussNewtonOptimizerTest.testInconsistentSizes2,MATH,6,False
94,94,Math Bug 6 - Strong Oracle,1118,1989,92,238,0,0,6,11,0,0,139,203,0,1,org.apache.commons.math3.optim.nonlinear.vector.jacobian.LevenbergMarquardtOptimizerTest.testInconsistentSizes1,MATH,6,False
95,95,Math Bug 74 - Strong Oracle,2078,810239,151,64470,0,0,75,46201,16,860,136,8254,0,1,org.apache.commons.math.ode.jacobians.FirstOrderIntegratorWithJacobiansTest.testEventHandler,MATH,74,False
99,99,Math Bug 6 - Strong Oracle,727,1436,66,194,0,0,0,0,0,0,102,159,0,1,org.apache.commons.math3.optim.nonlinear.vector.jacobian.GaussNewtonOptimizerTest.testInconsistentSizes1,MATH,6,False
102,102,Math Bug 64 - Strong Oracle,942,4474,75,407,0,0,37,192,8,20,27,48,0,2,org.apache.commons.math.optimization.general.LevenbergMarquardtOptimizerTest.testMoreEstimatedParametersUnsorted,MATH,64,False
103,103,Math Bug 6 - Strong Oracle,1167,2829,93,326,0,0,10,43,0,0,139,236,0,1,org.apache.commons.math3.optim.nonlinear.vector.jacobian.LevenbergMarquardtOptimizerTest.testMoreEstimatedParametersUnsorted,MATH,6,False
104,104,Math Bug 6 - Strong Oracle,513,2579,40,329,0,0,2,5,0,0,52,188,0,2,org.apache.commons.math3.optim.univariate.MultiStartUnivariateOptimizerTest.testBadFunction,MATH,6,False
107,107,Math Bug 6 - Strong Oracle,1045,2407,83,298,0,0,0,0,0,0,145,268,0,2,org.apache.commons.math3.analysis.interpolation.SmoothingPolynomialBicubicSplineInterpolatorTest.testPreconditions,MATH,6,False
108,108,Math Bug 47 - Strong Oracle,41,53,6,6,0,0,0,0,0,0,6,6,0,1,org.apache.commons.math.complex.ComplexTest.testScalarDivideZero,MATH,47,False
109,109,Math Bug 47 - Strong Oracle,10,16,0,0,0,0,0,0,0,0,1,1,0,1,org.apache.commons.math.complex.ComplexTest.testScalarDivideZero,MATH,47,False
111,111,Math Bug 66 - Strong Oracle,2802,4794,1,1,0,0,0,0,0,0,258,507,0,1,org.apache.commons.math.optimization.univariate.BrentOptimizerTest.testQuinticMax,MATH,66,False
112,112,Math Bug 74 - Strong Oracle,2534,1204377,147,56559,0,0,137,92035,16,1026,129,5878,0,1,org.apache.commons.math.ode.nonstiff.DormandPrince853StepInterpolatorTest.derivativesConsistency,MATH,74,False
113,113,Math Bug 6 - Strong Oracle,6083,31269748,478,3538054,0,0,234,432550,38,4137,656,2886518,0,1,org.apache.commons.math3.optim.nonlinear.scalar.noderiv.BOBYQAOptimizerTest.testTablet,MATH,6,False
114,114,Math Bug 74 - Strong Oracle,1512,1805813,129,159155,0,0,39,85046,14,3501,126,34205,0,1,org.apache.commons.math.ode.nonstiff.DormandPrince54IntegratorTest.testVariableSteps,MATH,74,False
116,116,Math Bug 64 - Strong Oracle,866,10131,69,879,0,0,31,493,8,46,34,224,0,8,org.apache.commons.math.optimization.fitting.ParametricGaussianFunctionTest.testFit01,MATH,64,False
117,117,Math Bug 64 - Strong Oracle,857,118724,71,13265,0,0,28,6459,7,7,35,841,0,20,org.apache.commons.math.optimization.fitting.PolynomialFitterTest.testRedundantSolvable,MATH,64,False
118,118,Math Bug 74 - Strong Oracle,1896,1679233,146,132661,0,0,62,90435,14,2722,142,26551,0,1,org.apache.commons.math.ode.sampling.StepNormalizerTest.testBoundaries,MATH,74,False
120,120,Math Bug 6 - Strong Oracle,1065,2523,90,275,0,0,3,6,1,1,121,253,0,1,org.apache.commons.math3.optim.nonlinear.scalar.noderiv.SimplexOptimizerNelderMeadTest.testRosenbrock,MATH,6,False
121,121,Math Bug 6 - Strong Oracle,477,1031,31,88,0,0,3,6,1,1,64,125,0,1,org.apache.commons.math3.optim.nonlinear.scalar.noderiv.SimplexOptimizerNelderMeadTest.testRosenbrock,MATH,6,False
122,122,Math Bug 21 - Strong Oracle,725,8662,61,1111,0,0,8,44,2,6,65,760,0,1,org.apache.commons.math3.linear.RectangularCholeskyDecompositionTest.testDecomposition3x3,MATH,21,False
123,123,Math Bug 21 - Strong Oracle,593,8262,56,1083,0,0,3,29,2,2,63,751,0,1,org.apache.commons.math3.linear.RectangularCholeskyDecompositionTest.testDecomposition3x3,MATH,21,False
124,124,Math Bug 6 - Strong Oracle,2618,240741,134,8263,0,0,82,15601,16,400,234,8550,0,1,org.apache.commons.math3.fitting.HarmonicFitterTest.testNoError,MATH,6,False
126,126,Math Bug 6 - Strong Oracle,6389,1464798505,495,163847962,0,0,257,23381280,41,857441,691,131326335,0,1,org.apache.commons.math3.optim.nonlinear.scalar.noderiv.BOBYQAOptimizerTest.testSsDiffPow,MATH,6,False
127,127,Math Bug 6 - Strong Oracle,727,1984,66,274,0,0,0,0,0,0,102,227,0,1,org.apache.commons.math3.optim.nonlinear.vector.jacobian.GaussNewtonOptimizerTest.testNoDependency,MATH,6,False
131,131,Math Bug 74 - Strong Oracle,519,2415,34,213,0,0,21,109,9,13,35,49,0,1,org.apache.commons.math.ode.nonstiff.HighamHall54IntegratorTest.testMinStep,MATH,74,False
134,134,Math Bug 16 - Strong Oracle,98,104,10,10,0,0,2,2,0,0,8,8,0,12,org.apache.commons.math3.complex.ComplexTest.testSinhInf,MATH,16,False
135,135,Math Bug 6 - Strong Oracle,1016,2596,81,319,0,0,2,16,0,0,137,267,0,1,org.apache.commons.math3.optim.nonlinear.vector.jacobian.MinpackTest.testMinpackChebyquad,MATH,6,False
136,136,Math Bug 6 - Strong Oracle,498,886,46,136,0,0,0,0,0,0,54,56,0,1,org.apache.commons.math3.optim.nonlinear.scalar.noderiv.SimplexOptimizerMultiDirectionalTest.testBoundsUnsupported,MATH,6,False
137,137,Math Bug 6 - Strong Oracle,1118,2227,92,270,0,0,6,18,0,0,139,214,0,1,org.apache.commons.math3.optim.nonlinear.vector.jacobian.LevenbergMarquardtOptimizerTest.testNonInvertible,MATH,6,False
138,138,Math Bug 81 - Strong Oracle,2460,1775442,136,61119,0,0,128,76715,30,22927,45,46257,0,3,org.apache.commons.math.linear.EigenDecompositionImplTest.testBigMatrix,MATH,81,False
139,139,Math Bug 6 - Strong Oracle,248,301,12,22,0,0,0,0,0,0,35,38,0,1,org.apache.commons.math3.fitting.GaussianFitterTest.testFit02,MATH,6,False
140,140,Math Bug 6 - Strong Oracle,1017,2061,82,248,0,0,2,8,0,0,137,223,0,1,org.apache.commons.math3.optim.nonlinear.vector.jacobian.MinpackTest.testMinpackPowellSingular,MATH,6,False
141,141,Math Bug 6 - Strong Oracle,3864,6764,32,111,0,0,0,0,0,0,362,677,0,1,org.apache.commons.math3.optim.nonlinear.scalar.noderiv.BOBYQAOptimizerTest.testInitOutOfBounds,MATH,6,False
143,143,Math Bug 6 - Strong Oracle,1154,2457,92,282,0,0,9,27,0,0,139,225,0,1,org.apache.commons.math3.optim.nonlinear.vector.jacobian.LevenbergMarquardtOptimizerTest.testIllConditioned,MATH,6,False
144,144,Math Bug 74 - Strong Oracle,1440,33937,120,2891,0,0,44,1575,8,56,110,488,0,1,org.apache.commons.math.ode.nonstiff.DormandPrince853IntegratorTest.testMissedEndEvent,MATH,74,False
145,145,Math Bug 6 - Strong Oracle,4453,9475,73,394,0,0,16,91,4,4,403,730,0,1,org.apache.commons.math3.optim.nonlinear.scalar.gradient.NonLinearConjugateGradientOptimizerTest.testNoDependency,MATH,6,False
146,146,Math Bug 20 - Strong Oracle,190,1124,17,71,0,0,2,14,0,0,27,113,0,306,org.apache.commons.math3.optimization.direct.CMAESOptimizerTest.testMaximize,MATH,20,False
149,149,Math Bug 16 - Strong Oracle,98,104,10,10,0,0,2,2,0,0,8,8,0,12,org.apache.commons.math3.complex.ComplexTest.testCoshInf,MATH,16,False
151,151,Math Bug 74 - Strong Oracle,1821,1578010,139,58758,0,0,86,182886,21,19435,131,18886,0,1,org.apache.commons.math.ode.nonstiff.HighamHall54IntegratorTest.testEvents,MATH,74,False
152,152,Math Bug 6 - Strong Oracle,1049,2473,81,265,0,0,4,30,0,0,139,255,0,1,org.apache.commons.math3.optim.nonlinear.vector.jacobian.LevenbergMarquardtOptimizerTest.testCircleFitting,MATH,6,False
153,153,Math Bug 44 - Strong Oracle,4041,147732,239,8099,0,0,176,9697,18,337,252,3820,0,16,org.apache.commons.math.ode.events.OverlappingEventsTest.testOverlappingEvents0,MATH,44,False
155,155,Math Bug 16 - Strong Oracle,2469,70759,108,3799,1,22,140,3929,26,572,74,2088,0,12,org.apache.commons.math3.linear.ArrayRealVectorTest.testMap,MATH,16,False
158,158,Math Bug 6 - Strong Oracle,5379,9542,87,344,0,0,0,0,0,0,485,933,0,2,org.apache.commons.math3.analysis.interpolation.SmoothingPolynomialBicubicSplineInterpolatorTest.testPlane,MATH,6,False
159,159,Math Bug 74 - Strong Oracle,1861,8674749,140,343558,0,0,81,919974,19,68409,136,61909,0,1,org.apache.commons.math.ode.nonstiff.HighamHall54StepInterpolatorTest.checkClone,MATH,74,False
160,160,Math Bug 6 - Strong Oracle,1485,203168,125,15290,0,0,43,9813,1,75,95,8744,0,2,org.apache.commons.math3.optim.univariate.MultiStartUnivariateOptimizerTest.testSinMin,MATH,6,False
161,161,Math Bug 6 - Strong Oracle,897,7011,68,815,0,0,0,0,0,0,131,897,0,1,org.apache.commons.math3.fitting.PolynomialFitterTest.testMath798WithToleranceTooLow,MATH,6,False
162,162,Math Bug 74 - Strong Oracle,1495,3002314,130,277909,0,0,35,130322,14,6147,126,57489,0,1,org.apache.commons.math.ode.nonstiff.HighamHall54IntegratorTest.testKepler,MATH,74,False
165,165,Math Bug 6 - Strong Oracle,1281,2261,89,242,0,0,3,8,0,0,181,264,0,1,org.apache.commons.math3.fitting.PolynomialFitterTest.testNoError,MATH,6,False
166,166,Math Bug 44 - Strong Oracle,970,43583,76,3111,0,0,31,1684,4,162,74,2557,0,1,org.apache.commons.math.ode.nonstiff.GillIntegratorTest.testUnstableDerivative,MATH,44,False
167,167,Math Bug 57 - Strong Oracle,322,205332,31,19116,0,0,2,5617,1,208,49,14606,0,975,org.apache.commons.math.stat.clustering.KMeansPlusPlusClustererTest.testCertainSpace,MATH,57,False
168,168,Math Bug 6 - Strong Oracle,1154,2245,92,258,0,0,9,21,0,0,139,214,0,1,org.apache.commons.math3.optim.nonlinear.vector.jacobian.LevenbergMarquardtOptimizerTest.testMoreEstimatedParametersSimple,MATH,6,False
169,169,Math Bug 68 - Strong Oracle,41,1123,2,101,0,0,2,100,1,1,2,2,0,2,org.apache.commons.math.optimization.general.MinpackTest.testMinpackLinearRank1ZeroColsAndRows,MATH,68,False
170,170,Math Bug 6 - Strong Oracle,1824,11857,177,1587,0,0,3,15,2,7,284,1250,0,1,org.apache.commons.math3.optim.linear.SimplexSolverTest.testMath713NegativeVariable,MATH,6,False
171,171,Math Bug 6 - Strong Oracle,4609,9049,81,355,0,0,2,20,0,0,479,956,0,1,org.apache.commons.math3.optim.nonlinear.vector.jacobian.MinpackTest.testMinpackLinearRank1,MATH,6,False
172,172,Math Bug 6 - Strong Oracle,1999,28290,187,3777,0,0,5,49,2,18,320,2935,0,1,org.apache.commons.math3.optim.linear.SimplexSolverTest.testMath434NegativeVariable,MATH,6,False
173,173,Math Bug 6 - Strong Oracle,1116,2178,91,263,0,0,6,15,0,0,139,214,0,1,org.apache.commons.math3.optim.nonlinear.vector.jacobian.LevenbergMarquardtOptimizerTest.testRedundantEquations,MATH,6,False
174,174,Math Bug 68 - Strong Oracle,43,128,2,9,0,0,2,8,1,1,3,6,0,1,org.apache.commons.math.optimization.general.LevenbergMarquardtOptimizerTest.testIllConditioned,MATH,68,False
175,175,Math Bug 64 - Strong Oracle,1439,3812,126,397,0,0,48,131,9,13,50,69,0,1,org.apache.commons.math.optimization.general.LevenbergMarquardtOptimizerTest.testRedundantEquations,MATH,64,False
176,176,Math Bug 64 - Strong Oracle,22,25,0,0,0,0,1,1,1,1,3,3,0,1,org.apache.commons.math.optimization.general.LevenbergMarquardtOptimizerTest.testRedundantEquations,MATH,64,False
182,182,Math Bug 74 - Strong Oracle,3138,457554,179,27058,0,0,155,27341,19,607,203,8625,0,2,org.apache.commons.math.ode.ContinuousOutputModelTest.testModelsMerging,MATH,74,False
183,183,Math Bug 64 - Strong Oracle,893,32212,65,2228,0,0,33,2156,8,14,37,1092,0,3,org.apache.commons.math.optimization.fitting.HarmonicFitterTest.testNoError,MATH,64,False
184,184,Math Bug 64 - Strong Oracle,1492,17576,129,1697,0,0,51,684,9,29,51,148,0,1,org.apache.commons.math.optimization.general.LevenbergMarquardtOptimizerTest.testNoDependency,MATH,64,False
185,185,Math Bug 64 - Strong Oracle,27,67,1,6,0,0,1,1,1,1,4,9,0,1,org.apache.commons.math.optimization.general.LevenbergMarquardtOptimizerTest.testNoDependency,MATH,64,False
186,186,Math Bug 74 - Strong Oracle,3339,5566824,193,421276,0,0,150,203774,22,38093,200,107108,0,1,org.apache.commons.math.ode.nonstiff.AdamsBashforthIntegratorTest.backward,MATH,74,False
187,187,Math Bug 6 - Strong Oracle,4496,9481,82,379,0,0,2,8,1,1,437,963,0,1,org.apache.commons.math3.optim.nonlinear.scalar.noderiv.SimplexOptimizerNelderMeadTest.testMaxIterations,MATH,6,False
188,188,Math Bug 6 - Strong Oracle,3894,7184,27,125,0,0,2,8,1,1,373,740,0,1,org.apache.commons.math3.optim.nonlinear.scalar.noderiv.SimplexOptimizerNelderMeadTest.testMaxIterations,MATH,6,False
189,189,Math Bug 6 - Strong Oracle,1057,2643,88,285,0,0,3,6,1,1,121,253,0,1,org.apache.commons.math3.optim.nonlinear.scalar.MultivariateFunctionPenaltyAdapterTest.testUnbounded,MATH,6,False
190,190,Math Bug 6 - Strong Oracle,513,1109,35,102,0,0,3,6,1,1,63,113,0,1,org.apache.commons.math3.optim.nonlinear.scalar.MultivariateFunctionPenaltyAdapterTest.testUnbounded,MATH,6,False
191,191,Math Bug 6 - Strong Oracle,727,1847,66,254,0,0,0,0,0,0,102,210,0,1,org.apache.commons.math3.optim.nonlinear.vector.jacobian.GaussNewtonOptimizerTest.testMaxEvaluations,MATH,6,False
193,193,Math Bug 6 - Strong Oracle,1996,5129,121,450,0,0,28,113,5,15,235,503,0,1,org.apache.commons.math3.fitting.GaussianFitterTest.testMath798,MATH,6,False
196,196,Math Bug 44 - Strong Oracle,4049,134238,240,7651,0,0,176,8317,18,234,253,3322,0,9,org.apache.commons.math.ode.events.OverlappingEventsTest.testOverlappingEvents1,MATH,44,False
197,197,Math Bug 6 - Strong Oracle,1270,54484,87,5777,0,0,2,400,0,0,181,5610,0,1,org.apache.commons.math3.fitting.PolynomialFitterTest.testSmallError,MATH,6,False
198,198,Math Bug 6 - Strong Oracle,1266,9259,88,987,0,0,3,90,0,0,177,986,0,1,org.apache.commons.math3.fitting.PolynomialFitterTest.testMath798,MATH,6,False
200,200,Math Bug 39 - Strong Oracle,1708,16217,110,1248,0,0,48,563,7,44,148,819,0,205,org.apache.commons.math.ode.JacobianMatricesTest.testInternalDifferentiation,MATH,39,False
202,202,Math Bug 6 - Strong Oracle,1591,15354,69,1578,0,0,4,238,0,0,101,1133,0,2,org.apache.commons.math3.optim.nonlinear.scalar.MultiStartMultivariateOptimizerTest.testCircleFitting,MATH,6,False
203,203,Math Bug 6 - Strong Oracle,1118,2227,92,270,0,0,6,18,0,0,139,214,0,1,org.apache.commons.math3.optim.nonlinear.vector.jacobian.LevenbergMarquardtOptimizerTest.testOneSet,MATH,6,False
204,204,Math Bug 24 - Strong Oracle,1166,21298,129,3402,0,0,19,241,6,24,71,319,0,136,org.apache.commons.math3.optimization.univariate.BrentOptimizerTest.testQuinticMinStatistics,MATH,24,False
205,205,Math Bug 6 - Strong Oracle,3982,6758,41,92,0,0,0,0,0,0,387,712,0,2,org.apache.commons.math3.optim.nonlinear.scalar.noderiv.PowellOptimizerTest.testQuadratic,MATH,6,False
206,206,Math Bug 64 - Strong Oracle,915,5892,72,514,0,0,31,269,8,30,36,130,0,10,org.apache.commons.math.optimization.fitting.GaussianFitterTest.testFit06,MATH,64,False
207,207,Math Bug 6 - Strong Oracle,2653,154424,139,6147,0,0,82,9507,14,311,235,5954,0,1,org.apache.commons.math3.fitting.HarmonicFitterTest.testTinyVariationsData,MATH,6,False
208,208,Math Bug 64 - Strong Oracle,915,10180,72,882,0,0,31,493,8,46,36,226,0,7,org.apache.commons.math.optimization.fitting.GaussianFitterTest.testFit01,MATH,64,False
209,209,Math Bug 64 - Strong Oracle,828,3401,66,309,0,0,28,134,8,17,34,70,0,9,org.apache.commons.math.optimization.fitting.CurveFitterTest.testMath372,MATH,64,False
210,210,Math Bug 6 - Strong Oracle,983,5328,77,479,0,0,1,32,0,0,123,583,0,1,org.apache.commons.math3.optim.nonlinear.scalar.noderiv.SimplexOptimizerMultiDirectionalTest.testPowell,MATH,6,False
211,211,Math Bug 6 - Strong Oracle,458,3073,25,225,0,0,1,32,0,0,69,364,0,1,org.apache.commons.math3.optim.nonlinear.scalar.noderiv.SimplexOptimizerMultiDirectionalTest.testPowell,MATH,6,False
215,215,Math Bug 44 - Strong Oracle,3477,18239428,206,853946,0,0,109,1432267,8,109318,246,432594,0,20,org.apache.commons.math.ode.nonstiff.GillIntegratorTest.testDecreasingSteps,MATH,44,False
216,216,Math Bug 6 - Strong Oracle,2078,778499,194,101672,0,0,5,2562,3,286,339,75673,0,1,org.apache.commons.math3.optim.linear.SimplexSolverTest.testMath434PivotRowSelection2,MATH,6,False
217,217,Math Bug 6 - Strong Oracle,1136,3019,95,315,0,0,3,6,1,1,123,273,0,1,org.apache.commons.math3.optim.nonlinear.scalar.MultivariateFunctionMappingAdapterTest.testUnbounded,MATH,6,False
218,218,Math Bug 6 - Strong Oracle,517,1107,33,94,0,0,3,6,1,1,65,119,0,1,org.apache.commons.math3.optim.nonlinear.scalar.MultivariateFunctionMappingAdapterTest.testUnbounded,MATH,6,False
219,219,Math Bug 69 - Strong Oracle,617,13351,46,1124,0,0,18,721,11,314,33,489,0,4,org.apache.commons.math.stat.correlation.PearsonsCorrelationTest.testCovarianceConsistency,MATH,69,False
220,220,Math Bug 6 - Strong Oracle,727,1847,66,254,0,0,0,0,0,0,102,210,0,1,org.apache.commons.math3.optim.nonlinear.vector.jacobian.GaussNewtonOptimizerTest.testMoreEstimatedParametersUnsorted,MATH,6,False
221,221,Math Bug 64 - Strong Oracle,1409,1756,125,186,0,0,43,49,9,9,59,61,0,1,org.apache.commons.math.optimization.general.LevenbergMarquardtOptimizerTest.testTrivial,MATH,64,False
222,222,Math Bug 64 - Strong Oracle,82,82,4,4,0,0,1,1,1,1,12,12,0,1,org.apache.commons.math.optimization.general.LevenbergMarquardtOptimizerTest.testTrivial,MATH,64,False
223,223,Math Bug 6 - Strong Oracle,1233,2523,85,265,0,0,2,8,0,0,175,302,0,1,org.apache.commons.math3.fitting.CurveFitterTest.testMath304,MATH,6,False
225,225,Math Bug 6 - Strong Oracle,1978,33069,189,4344,0,0,3,59,2,28,316,3406,0,1,org.apache.commons.math3.optim.linear.SimplexSolverTest.testSolutionWithNegativeDecisionVariable,MATH,6,False
226,226,Math Bug 6 - Strong Oracle,1118,1989,92,238,0,0,6,11,0,0,139,203,0,1,org.apache.commons.math3.optim.nonlinear.vector.jacobian.LevenbergMarquardtOptimizerTest.testInconsistentSizes2,MATH,6,False
227,227,Math Bug 6 - Strong Oracle,1713,1613637,159,209915,0,0,20,51570,5,2212,130,97613,0,1,org.apache.commons.math3.optim.univariate.BrentOptimizerTest.testQuinticMinStatistics,MATH,6,False
229,229,Math Bug 64 - Strong Oracle,232,577,22,58,0,0,8,23,3,5,11,15,0,2,org.apache.commons.math.optimization.general.LevenbergMarquardtOptimizerTest.testInconsistentEquations,MATH,64,False
230,230,Math Bug 64 - Strong Oracle,19,19,0,0,0,0,1,1,1,1,3,3,0,1,org.apache.commons.math.optimization.general.LevenbergMarquardtOptimizerTest.testInconsistentEquations,MATH,64,False
231,231,Math Bug 44 - Strong Oracle,3264,2523695,200,175635,0,0,83,74044,7,15775,246,101855,0,14,org.apache.commons.math.ode.nonstiff.EulerIntegratorTest.testDecreasingSteps,MATH,44,False
232,232,Math Bug 6 - Strong Oracle,1157,5771,92,409,0,0,41,267,1,3,69,241,0,1,org.apache.commons.math3.optim.univariate.BrentOptimizerTest.testKeepInitIfBest,MATH,6,False
233,233,Math Bug 24 - Strong Oracle,192,254,19,26,0,0,3,4,0,0,15,20,0,4,org.apache.commons.math3.optimization.direct.PowellOptimizerTest.testMaximizeQuadratic,MATH,24,False
234,234,Math Bug 69 - Strong Oracle,531,2542,42,315,0,0,13,63,8,8,28,89,0,1,org.apache.commons.math.stat.correlation.PearsonsCorrelationTest.testLongly,MATH,69,False
235,235,Math Bug 44 - Strong Oracle,1916,49431,126,2421,0,0,63,4434,9,791,136,442,0,4,org.apache.commons.math.ode.nonstiff.GraggBulirschStoerIntegratorTest.testEvents,MATH,44,False
236,236,Math Bug 44 - Strong Oracle,4005,176329,266,11312,0,0,151,9668,32,1119,198,2241,0,1,org.apache.commons.math.ode.nonstiff.GraggBulirschStoerIntegratorTest.testEvents,MATH,44,False
238,238,Math Bug 6 - Strong Oracle,6372,226078392,490,25491424,0,0,256,3214885,42,37886,683,20676821,0,2,org.apache.commons.math3.optim.nonlinear.scalar.noderiv.BOBYQAOptimizerTest.testMaximize,MATH,6,False
240,240,Math Bug 6 - Strong Oracle,751,22084,85,2877,0,0,16,729,1,32,58,1343,0,1,org.apache.commons.math3.optim.univariate.BrentOptimizerTest.testQuinticMin,MATH,6,False
241,241,Math Bug 74 - Strong Oracle,1860,1114670,141,59830,0,0,67,75886,16,4263,132,19007,0,1,org.apache.commons.math.ode.nonstiff.DormandPrince54IntegratorTest.testEvents,MATH,74,False
242,242,Math Bug 64 - Strong Oracle,937,5551,75,503,0,0,37,242,8,23,28,58,0,2,org.apache.commons.math.optimization.general.LevenbergMarquardtOptimizerTest.testTwoSets,MATH,64,False
243,243,Math Bug 6 - Strong Oracle,1938,8476,120,548,0,0,42,396,3,18,196,414,0,1,org.apache.commons.math3.fitting.CurveFitterTest.testMath372,MATH,6,False
244,244,Math Bug 74 - Strong Oracle,2258,3714495,164,252790,0,0,80,223351,18,21533,181,123646,0,1,org.apache.commons.math.ode.ContinuousOutputModelTest.testRandomAccess,MATH,74,False
245,245,Math Bug 74 - Strong Oracle,1733,52594,131,2747,0,0,59,3638,14,187,121,732,0,10,org.apache.commons.math.ode.nonstiff.DormandPrince54IntegratorTest.testIncreasingTolerance,MATH,74,False
246,246,Math Bug 6 - Strong Oracle,1055,2691,85,354,0,0,0,0,0,0,145,270,0,2,org.apache.commons.math3.analysis.interpolation.SmoothingPolynomialBicubicSplineInterpolatorTest.testParaboloid,MATH,6,False
247,247,Math Bug 6 - Strong Oracle,727,1710,66,234,0,0,0,0,0,0,102,193,0,1,org.apache.commons.math3.optim.nonlinear.vector.jacobian.GaussNewtonOptimizerTest.testIllConditioned,MATH,6,False
248,248,Math Bug 6 - Strong Oracle,969,3188,73,360,0,0,16,79,4,4,86,100,0,1,org.apache.commons.math3.optim.nonlinear.scalar.gradient.NonLinearConjugateGradientOptimizerTest.testMoreEstimatedParametersUnsorted,MATH,6,False
249,249,Math Bug 64 - Strong Oracle,1655,71831,139,5073,0,0,63,4489,23,496,43,632,0,116,org.apache.commons.math.optimization.general.MinpackTest.testMinpackChebyquad,MATH,64,False
250,250,Math Bug 64 - Strong Oracle,2334,3587139,178,286087,0,0,75,186768,24,17409,83,29588,0,1,org.apache.commons.math.optimization.general.MinpackTest.testMinpackChebyquad,MATH,64,False
251,251,Math Bug 6 - Strong Oracle,2015,50703,195,6690,0,0,3,110,2,34,324,5190,0,1,org.apache.commons.math3.optim.linear.SimplexSolverTest.testEpsilon,MATH,6,False
252,252,Math Bug 64 - Strong Oracle,1411,9289,110,810,0,0,53,442,18,55,37,81,0,499,org.apache.commons.math.optimization.general.MinpackTest.testMinpackBrownDennis,MATH,64,False
253,253,Math Bug 6 - Strong Oracle,4893,7879,59,146,0,0,0,0,0,0,416,755,0,1,org.apache.commons.math3.optim.nonlinear.vector.jacobian.GaussNewtonOptimizerTest.testConstraintsUnsupported,MATH,6,False
254,254,Math Bug 64 - Strong Oracle,235,1203,22,112,0,0,8,53,3,9,11,23,0,471,org.apache.commons.math.optimization.general.MinpackTest.testMinpackPowellSingular,MATH,64,False
255,255,Math Bug 64 - Strong Oracle,22,22,0,0,0,0,1,1,1,1,3,3,0,3,org.apache.commons.math.optimization.general.MinpackTest.testMinpackPowellSingular,MATH,64,False
256,256,Math Bug 74 - Strong Oracle,1615,2061408,129,178395,0,0,52,101838,15,2259,127,16239,0,1,org.apache.commons.math.ode.nonstiff.DormandPrince853IntegratorTest.testVariableSteps,MATH,74,False
257,257,Math Bug 6 - Strong Oracle,1559,23300,153,3026,0,0,3,52,2,20,244,2436,0,1,org.apache.commons.math3.optim.linear.SimplexSolverTest.testModelWithNoArtificialVars,MATH,6,False
260,260,Math Bug 6 - Strong Oracle,752,21924,68,3180,0,0,0,0,0,0,105,2701,0,1,org.apache.commons.math3.optim.nonlinear.vector.jacobian.GaussNewtonOptimizerTest.testKirby2,MATH,6,False
261,261,Math Bug 6 - Strong Oracle,6262,174287790,485,19617370,0,0,254,2513386,41,30245,670,15907998,0,1,org.apache.commons.math3.optim.nonlinear.scalar.noderiv.BOBYQAOptimizerTest.testEllipse,MATH,6,False
262,262,Math Bug 74 - Strong Oracle,1729,471781,129,24153,0,0,59,33212,14,1618,121,5926,0,1,org.apache.commons.math.ode.nonstiff.DormandPrince54IntegratorTest.testBackward,MATH,74,False
263,263,Math Bug 74 - Strong Oracle,2483,182674,140,7565,0,0,136,15153,15,288,127,1308,0,1,org.apache.commons.math.ode.nonstiff.DormandPrince853IntegratorTest.testBackward,MATH,74,False
264,264,Math Bug 64 - Strong Oracle,291,158332,28,20045,0,0,8,9450,2,20,14,649,0,20,org.apache.commons.math.optimization.fitting.PolynomialFitterTest.testSmallError,MATH,64,False
265,265,Math Bug 64 - Strong Oracle,78,79244,6,12003,0,0,1,5400,0,0,6,605,0,10,org.apache.commons.math.optimization.fitting.PolynomialFitterTest.testSmallError,MATH,64,False
266,266,Math Bug 6 - Strong Oracle,722,437087,79,53686,0,0,16,16909,1,13,56,25332,0,1,org.apache.commons.math3.optim.univariate.BrentOptimizerTest.testMath832,MATH,6,False
268,268,Math Bug 6 - Strong Oracle,1037,33223,82,4429,0,0,2,472,0,0,140,2784,0,1,org.apache.commons.math3.optim.nonlinear.vector.jacobian.LevenbergMarquardtOptimizerTest.testHahn1,MATH,6,False
269,269,Math Bug 6 - Strong Oracle,2040,16560,128,1545,0,0,28,470,5,57,238,1442,0,1,org.apache.commons.math3.fitting.GaussianFitterTest.testMath519,MATH,6,False
270,270,Math Bug 6 - Strong Oracle,920,2035,72,259,0,0,12,34,4,4,86,100,0,1,org.apache.commons.math3.optim.nonlinear.scalar.gradient.NonLinearConjugateGradientOptimizerTest.testOneSet,MATH,6,False
272,272,Math Bug 6 - Strong Oracle,1871,11796,186,1582,0,0,3,16,2,7,289,1245,0,1,org.apache.commons.math3.optim.linear.SimplexSolverTest.testTrivialModel,MATH,6,False
273,273,Math Bug 74 - Strong Oracle,2254,2259226,164,176000,0,0,80,115264,18,3529,180,44023,0,1,org.apache.commons.math.ode.ContinuousOutputModelTest.testBoundaries,MATH,74,False
274,274,Math Bug 20 - Strong Oracle,218,1147,24,77,0,0,2,14,0,0,28,114,0,604,org.apache.commons.math3.optimization.direct.CMAESOptimizerTest.testConstrainedRosen,MATH,20,False
275,275,Math Bug 6 - Strong Oracle,1049,17889,81,1741,0,0,4,522,0,0,139,1485,0,1,org.apache.commons.math3.optim.nonlinear.vector.jacobian.LevenbergMarquardtOptimizerTest.testCircleFittingGoodInit,MATH,6,False
276,276,Math Bug 6 - Strong Oracle,5761,43319984,450,4899932,0,0,213,603515,34,5799,630,3995947,0,1,org.apache.commons.math3.optim.nonlinear.scalar.noderiv.BOBYQAOptimizerTest.testTwoAxes,MATH,6,False
277,277,Math Bug 74 - Strong Oracle,2541,4207207,189,327868,0,0,80,223351,18,21533,207,156542,0,1,org.apache.commons.math.ode.nonstiff.DormandPrince54StepInterpolatorTest.serialization,MATH,74,False
278,278,Math Bug 33 - Strong Oracle,1054,76539,111,10506,0,0,2,133,2,18,155,7646,0,1,org.apache.commons.math3.optimization.linear.SimplexSolverTest.testMath434PivotRowSelection2,MATH,33,False
279,279,Math Bug 74 - Strong Oracle,2063,1018823,163,94102,0,0,50,47606,16,1156,158,12796,0,201,org.apache.commons.math.ode.jacobians.FirstOrderIntegratorWithJacobiansTest.testAnalyticalDifferentiation,MATH,74,False
280,280,Math Bug 24 - Strong Oracle,103,366,9,37,0,0,0,0,0,0,12,40,0,4,org.apache.commons.math3.optimization.univariate.UnivariateMultiStartOptimizerTest.testQuinticMin,MATH,24,False
281,281,Math Bug 33 - Strong Oracle,1717,173347,165,23117,0,0,2,369,2,68,291,16494,0,1,org.apache.commons.math3.optimization.linear.SimplexSolverTest.testMath293,MATH,33,False
282,282,Math Bug 6 - Strong Oracle,727,1573,66,214,0,0,0,0,0,0,102,176,0,1,org.apache.commons.math3.optim.nonlinear.vector.jacobian.GaussNewtonOptimizerTest.testNonInvertible,MATH,6,False
283,283,Math Bug 74 - Strong Oracle,3451,5175583,213,328295,0,0,157,331502,19,17159,221,116598,0,1,org.apache.commons.math.ode.nonstiff.DormandPrince853StepInterpolatorTest.serialization,MATH,74,False
284,284,Math Bug 74 - Strong Oracle,642,5636,33,476,0,0,38,274,10,15,36,62,0,1,org.apache.commons.math.ode.nonstiff.DormandPrince853IntegratorTest.testMinStep,MATH,74,False
287,287,Math Bug 74 - Strong Oracle,2476,68728,142,2957,0,0,136,5595,15,114,127,546,0,10,org.apache.commons.math.ode.nonstiff.DormandPrince853IntegratorTest.testIncreasingTolerance,MATH,74,False
288,288,Math Bug 64 - Strong Oracle,866,10131,69,879,0,0,31,493,8,46,34,224,0,8,org.apache.commons.math.optimization.fitting.ParametricGaussianFunctionTest.testFit02,MATH,64,False
291,291,Math Bug 66 - Strong Oracle,30,30,1,1,0,0,0,0,0,0,2,2,0,3,org.apache.commons.math.optimization.univariate.BrentOptimizerTest.testQuinticMin,MATH,66,False
292,292,Math Bug 66 - Strong Oracle,355,3780,42,390,0,0,15,225,1,10,14,180,0,3,org.apache.commons.math.optimization.univariate.BrentOptimizerTest.testQuinticMin,MATH,66,False
293,293,Math Bug 66 - Strong Oracle,106,106,12,12,0,0,4,4,0,0,6,6,0,47,org.apache.commons.math.optimization.univariate.BrentOptimizerTest.testQuinticMin,MATH,66,False
294,294,Math Bug 6 - Strong Oracle,1021,27427,105,3552,0,0,17,835,1,38,85,1713,0,2,org.apache.commons.math3.optim.univariate.MultiStartUnivariateOptimizerTest.testQuinticMin,MATH,6,False
295,295,Math Bug 68 - Strong Oracle,2269,62286,162,5644,0,0,72,2254,22,412,85,1086,0,1,org.apache.commons.math.optimization.general.LevenbergMarquardtOptimizerTest.testControlParameters,MATH,68,False
296,296,Math Bug 6 - Strong Oracle,1566,6463,116,447,0,0,22,178,5,37,139,401,0,1,org.apache.commons.math3.optim.nonlinear.scalar.MultivariateFunctionMappingAdapterTest.testOptimumOutsideRange,MATH,6,False
297,297,Math Bug 6 - Strong Oracle,662,1687,37,110,0,0,13,46,3,9,73,151,0,1,org.apache.commons.math3.optim.nonlinear.scalar.MultivariateFunctionMappingAdapterTest.testOptimumOutsideRange,MATH,6,False
298,298,Math Bug 82 - Strong Oracle,117,117,14,14,0,0,0,0,1,1,18,18,0,1,org.apache.commons.math.optimization.linear.SimplexSolverTest.testUnboundedSolution,MATH,82,False
299,299,Math Bug 6 - Strong Oracle,6064,37346359,476,4243540,0,0,233,504486,36,4832,654,3459553,0,1,org.apache.commons.math3.optim.nonlinear.scalar.noderiv.BOBYQAOptimizerTest.testCigTab,MATH,6,False
300,300,Math Bug 6 - Strong Oracle,1185,3576,101,407,0,0,6,46,1,1,126,254,0,1,org.apache.commons.math3.optim.nonlinear.scalar.noderiv.SimplexOptimizerNelderMeadTest.testLeastSquares2,MATH,6,False
301,301,Math Bug 6 - Strong Oracle,612,1481,46,148,0,0,6,22,1,1,65,117,0,1,org.apache.commons.math3.optim.nonlinear.scalar.noderiv.SimplexOptimizerNelderMeadTest.testLeastSquares2,MATH,6,False
302,302,Math Bug 6 - Strong Oracle,1186,3546,101,407,0,0,5,36,1,1,126,254,0,1,org.apache.commons.math3.optim.nonlinear.scalar.noderiv.SimplexOptimizerNelderMeadTest.testLeastSquares1,MATH,6,False
303,303,Math Bug 6 - Strong Oracle,613,1469,46,148,0,0,5,18,1,1,65,117,0,1,org.apache.commons.math3.optim.nonlinear.scalar.noderiv.SimplexOptimizerNelderMeadTest.testLeastSquares1,MATH,6,False
304,304,Math Bug 6 - Strong Oracle,5350,10526,81,308,0,0,11,78,1,7,453,998,0,1,org.apache.commons.math3.optim.nonlinear.scalar.noderiv.SimplexOptimizerMultiDirectionalTest.testMath283,MATH,6,False
305,305,Math Bug 6 - Strong Oracle,4026,8006,29,130,0,0,11,48,1,4,385,842,0,1,org.apache.commons.math3.optim.nonlinear.scalar.noderiv.SimplexOptimizerMultiDirectionalTest.testMath283,MATH,6,False
308,308,Math Bug 6 - Strong Oracle,277,359,12,22,0,0,0,0,0,0,39,46,0,1,org.apache.commons.math3.fitting.GaussianFitterTest.testFit03,MATH,6,False
309,309,Math Bug 74 - Strong Oracle,4082,1482857,256,115713,0,0,168,61918,26,12933,288,72032,0,1,org.apache.commons.math.ode.sampling.NordsieckStepInterpolatorTest.serialization,MATH,74,False
310,310,Math Bug 68 - Strong Oracle,41,1123,2,101,0,0,2,100,1,1,2,2,0,1,org.apache.commons.math.optimization.general.MinpackTest.testMinpackLinearFullRank,MATH,68,False
311,311,Math Bug 34 - Strong Oracle,40,48,4,5,0,0,0,0,0,0,7,7,0,3,org.apache.commons.math3.genetics.ChromosomeTest.testFindSameChromosome,MATH,34,False
312,312,Math Bug 6 - Strong Oracle,1139,5324,85,435,0,0,12,220,1,20,142,389,0,1,org.apache.commons.math3.optim.nonlinear.vector.jacobian.MinpackTest.testMinpackJennrichSampson,MATH,6,False
313,313,Math Bug 6 - Strong Oracle,4798,29212,107,2502,0,0,6,74,1,10,470,3083,0,2,org.apache.commons.math3.optim.nonlinear.scalar.MultiStartMultivariateOptimizerTest.testRosenbrock,MATH,6,False
314,314,Math Bug 6 - Strong Oracle,538,1042,33,86,0,0,3,6,1,1,71,120,0,10,org.apache.commons.math3.optim.nonlinear.scalar.MultiStartMultivariateOptimizerTest.testRosenbrock,MATH,6,False
315,315,Math Bug 69 - Strong Oracle,736,34589,55,2919,1,181,33,2033,20,1539,46,1515,0,1,org.apache.commons.math.stat.correlation.PearsonsCorrelationTest.testStdErrorConsistency,MATH,69,False
316,316,Math Bug 6 - Strong Oracle,920,1822,72,230,0,0,12,27,4,4,86,100,0,1,org.apache.commons.math3.optim.nonlinear.scalar.gradient.NonLinearConjugateGradientOptimizerTest.testInconsistentEquations,MATH,6,False
317,317,Math Bug 6 - Strong Oracle,1162,3997,92,309,0,0,43,177,1,2,74,195,0,1,org.apache.commons.math3.optim.univariate.BrentOptimizerTest.testSinMinWithValueChecker,MATH,6,False
318,318,Math Bug 33 - Strong Oracle,1056,52321,115,6888,0,0,2,115,2,27,151,4986,0,1,org.apache.commons.math3.optimization.linear.SimplexSolverTest.testRestrictVariablesToNonNegative,MATH,33,False
319,319,Math Bug 64 - Strong Oracle,1011,3000,88,321,0,0,17,73,4,10,63,91,0,2,org.apache.commons.math.optimization.general.LevenbergMarquardtOptimizerTest.testNonInversible,MATH,64,False
320,320,Math Bug 64 - Strong Oracle,798,2205,66,243,0,0,10,40,2,4,55,75,0,1,org.apache.commons.math.optimization.general.LevenbergMarquardtOptimizerTest.testNonInversible,MATH,64,False
322,322,Math Bug 16 - Strong Oracle,489,2780,17,87,0,0,29,169,2,12,6,21,0,4,org.apache.commons.math3.util.FastMathStrictComparisonTest.test1[43],MATH,16,False
323,323,Math Bug 6 - Strong Oracle,1695,105280,95,4217,0,0,31,5858,0,0,195,4855,0,1,org.apache.commons.math3.fitting.HarmonicFitterTest.testInitialGuess,MATH,6,False
324,324,Math Bug 6 - Strong Oracle,956,2384,72,268,0,0,15,49,4,4,86,100,0,1,org.apache.commons.math3.optim.nonlinear.scalar.gradient.NonLinearConjugateGradientOptimizerTest.testIllConditioned,MATH,6,False
325,325,Math Bug 83 - Strong Oracle,85,126,11,16,0,0,0,0,0,0,12,17,0,1,org.apache.commons.math.optimization.linear.SimplexSolverTest.testTrivialModel,MATH,83,False
326,326,Math Bug 6 - Strong Oracle,727,1573,66,214,0,0,0,0,0,0,102,176,0,1,org.apache.commons.math3.optim.nonlinear.vector.jacobian.GaussNewtonOptimizerTest.testQRColumnsPermutation,MATH,6,False
327,327,Math Bug 6 - Strong Oracle,1912,70368,186,9304,0,0,3,148,2,41,306,7110,0,1,org.apache.commons.math3.optim.linear.SimplexSolverTest.testMath272,MATH,6,False
330,330,Math Bug 84 - Strong Oracle,294,1169,23,97,0,0,2,11,0,0,29,103,0,4,org.apache.commons.math.optimization.direct.MultiDirectionalTest.testRosenbrock,MATH,84,False
331,331,Math Bug 74 - Strong Oracle,2471,36020,142,2319,0,0,136,2236,15,50,128,468,0,2,org.apache.commons.math.ode.nonstiff.DormandPrince853IntegratorTest.testNoDenseOutput,MATH,74,False
334,334,Math Bug 10 - Strong Oracle,1069,14230,47,1424,0,0,57,564,9,9,25,84,0,620,org.apache.commons.math3.analysis.differentiation.DerivativeStructureTest.testAtan2,MATH,10,False
335,335,Math Bug 66 - Strong Oracle,228,251,16,19,0,0,3,3,0,0,23,25,0,3,org.apache.commons.math.optimization.general.PowellOptimizerTest.testSumSinc,MATH,66,False
336,336,Math Bug 66 - Strong Oracle,519,8805,49,829,0,0,18,443,1,5,35,399,0,3,org.apache.commons.math.optimization.general.PowellOptimizerTest.testSumSinc,MATH,66,False
337,337,Math Bug 66 - Strong Oracle,304,327,27,30,0,0,7,7,0,0,27,29,0,76,org.apache.commons.math.optimization.general.PowellOptimizerTest.testSumSinc,MATH,66,False
341,341,Math Bug 6 - Strong Oracle,1116,2178,91,263,0,0,6,15,0,0,139,214,0,1,org.apache.commons.math3.optim.nonlinear.vector.jacobian.LevenbergMarquardtOptimizerTest.testQRColumnsPermutation,MATH,6,False
343,343,Math Bug 64 - Strong Oracle,915,10448,72,905,0,0,31,507,8,47,36,232,0,30,org.apache.commons.math.optimization.fitting.GaussianFitterTest.testFit04,MATH,64,False
344,344,Math Bug 6 - Strong Oracle,1979,207757,198,27226,0,0,3,577,2,105,314,20490,0,1,org.apache.commons.math3.optim.linear.SimplexSolverTest.testMath286,MATH,6,False
346,346,Math Bug 53 - Strong Oracle,91,129,10,12,0,0,0,0,0,0,15,18,0,8,org.apache.commons.math.complex.ComplexTest.testAsinInf,MATH,53,False
347,347,Math Bug 6 - Strong Oracle,1100,45671,87,3155,0,0,42,2454,0,0,66,1741,0,1,org.apache.commons.math3.optim.univariate.BrentOptimizerTest.testMinEndpoints,MATH,6,False
348,348,Math Bug 6 - Strong Oracle,6937,209080,134,6730,0,0,82,12748,15,312,578,8013,0,1,org.apache.commons.math3.fitting.HarmonicFitterTest.test1PercentError,MATH,6,False
349,349,Math Bug 6 - Strong Oracle,1204,5947,99,430,0,0,42,268,1,3,71,256,0,1,org.apache.commons.math3.optim.univariate.BrentOptimizerTest.testMath855,MATH,6,False
350,350,Math Bug 24 - Strong Oracle,1085,7302,76,480,0,0,42,377,1,6,71,298,0,2,org.apache.commons.math3.optimization.univariate.BrentOptimizerTest.testSinMin,MATH,24,False
351,351,Math Bug 6 - Strong Oracle,5742,29822736,449,3368518,0,0,209,415863,35,4058,628,2747491,0,1,org.apache.commons.math3.optim.nonlinear.scalar.noderiv.BOBYQAOptimizerTest.testCigar,MATH,6,False
352,352,Math Bug 6 - Strong Oracle,1451,21054,128,2709,0,0,2,43,2,18,230,2127,0,1,org.apache.commons.math3.optim.linear.SimplexSolverTest.testMath434UnfeasibleSolution,MATH,6,False
354,354,Math Bug 74 - Strong Oracle,3346,10681296,197,830368,0,0,151,461552,22,61003,201,151047,0,1,org.apache.commons.math.ode.sampling.NordsieckStepInterpolatorTest.derivativesConsistency,MATH,74,False
355,355,Math Bug 6 - Strong Oracle,1921,35963,181,4745,0,0,3,67,2,23,306,3709,0,1,org.apache.commons.math3.optim.linear.SimplexSolverTest.testMinimization,MATH,6,False
356,356,Math Bug 6 - Strong Oracle,727,1573,66,214,0,0,0,0,0,0,102,176,0,1,org.apache.commons.math3.optim.nonlinear.vector.jacobian.GaussNewtonOptimizerTest.testInconsistentEquations,MATH,6,False
357,357,Math Bug 24 - Strong Oracle,9,9,0,0,0,0,0,0,0,0,1,1,0,1,org.apache.commons.math3.optimization.univariate.BrentOptimizerTest.testMath832,MATH,24,False
358,358,Math Bug 6 - Strong Oracle,6482,-1194839316,496,1388782695,0,0,266,140284775,46,686730,692,1104586091,0,47,org.apache.commons.math3.optim.nonlinear.scalar.noderiv.BOBYQAOptimizerTest.testConstrainedRosenWithMoreInterpolationPoints,MATH,6,False
360,360,Math Bug 68 - Strong Oracle,41,1123,2,101,0,0,2,100,1,1,2,2,0,1,org.apache.commons.math.optimization.general.MinpackTest.testMinpackLinearRank1,MATH,68,False
361,361,Math Bug 6 - Strong Oracle,322,432,24,50,0,0,1,1,0,0,36,36,0,2,org.apache.commons.math3.optim.univariate.MultiStartUnivariateOptimizerTest.testMissingMaxEval,MATH,6,False
363,363,Math Bug 74 - Strong Oracle,1315,12342,112,1063,0,0,31,489,7,35,113,389,0,1,org.apache.commons.math.ode.nonstiff.DormandPrince54IntegratorTest.testSmallLastStep,MATH,74,False
365,365,Math Bug 6 - Strong Oracle,538,818,43,94,0,0,0,0,0,0,74,87,0,2,org.apache.commons.math3.optim.nonlinear.scalar.noderiv.PowellOptimizerTest.testRelativeToleranceOnScaledValues,MATH,6,False
367,367,Math Bug 74 - Strong Oracle,2037,2626498,155,239524,0,0,49,126780,14,2902,158,30420,0,1,org.apache.commons.math.ode.jacobians.FirstOrderIntegratorWithJacobiansTest.testStepHandlerResult,MATH,74,False
368,368,Math Bug 21 - Strong Oracle,2465,-1401680005,195,936312330,0,0,27,62426057,8,860415,201,673214641,0,13,org.apache.commons.math3.stat.regression.GLSMultipleLinearRegressionTest.testGLSEfficiency,MATH,21,False
369,369,Math Bug 21 - Strong Oracle,2542,-1401679870,199,936312345,0,0,28,62426059,8,860415,202,673214643,0,78,org.apache.commons.math3.stat.regression.GLSMultipleLinearRegressionTest.testGLSEfficiency,MATH,21,False
370,370,Math Bug 83 - Strong Oracle,85,214,11,26,0,0,0,0,0,0,12,29,0,1,org.apache.commons.math.optimization.linear.SimplexSolverTest.testLargeModel,MATH,83,False
371,371,Math Bug 6 - Strong Oracle,727,1573,66,214,0,0,0,0,0,0,102,176,0,1,org.apache.commons.math3.optim.nonlinear.vector.jacobian.GaussNewtonOptimizerTest.testMoreEstimatedParametersSimple,MATH,6,False
372,372,Math Bug 6 - Strong Oracle,1016,3534,81,445,0,0,2,30,0,0,137,344,0,1,org.apache.commons.math3.optim.nonlinear.vector.jacobian.MinpackTest.testMinpackBard,MATH,6,False
374,374,Math Bug 6 - Strong Oracle,1190,4281,102,507,0,0,5,56,1,1,127,269,0,1,org.apache.commons.math3.optim.nonlinear.scalar.noderiv.SimplexOptimizerNelderMeadTest.testLeastSquares3,MATH,6,False
375,375,Math Bug 6 - Strong Oracle,617,1763,47,188,0,0,5,26,1,1,66,123,0,1,org.apache.commons.math3.optim.nonlinear.scalar.noderiv.SimplexOptimizerNelderMeadTest.testLeastSquares3,MATH,6,False
376,376,Math Bug 24 - Strong Oracle,1530,18641,111,1623,0,0,56,768,3,76,101,880,0,2,org.apache.commons.math3.optimization.direct.PowellOptimizerTest.testSumSinc,MATH,24,False
377,377,Math Bug 6 - Strong Oracle,5679,25073809,443,2878707,0,0,206,317246,33,2297,619,2355228,0,1,org.apache.commons.math3.optim.nonlinear.scalar.noderiv.BOBYQAOptimizerTest.testSphere,MATH,6,False
378,378,Math Bug 74 - Strong Oracle,1778,3642119,135,212651,0,0,62,247120,14,6984,126,38068,0,1,org.apache.commons.math.ode.nonstiff.DormandPrince54IntegratorTest.testKepler,MATH,74,False
379,379,Math Bug 39 - Strong Oracle,1393,4217,82,294,0,0,52,160,6,12,82,176,0,402,org.apache.commons.math.ode.JacobianMatricesTest.testHighAccuracyExternalDifferentiation,MATH,39,False
384,384,Math Bug 6 - Strong Oracle,5553,9435,85,265,0,0,2,8,0,0,518,970,0,1,org.apache.commons.math3.fitting.CurveFitterTest.testMath303,MATH,6,False
385,385,Math Bug 44 - Strong Oracle,3379,12819821,205,769109,0,0,93,659079,7,66185,248,400904,0,24,org.apache.commons.math.ode.nonstiff.MidpointIntegratorTest.testDecreasingSteps,MATH,44,False
386,386,Math Bug 16 - Strong Oracle,2512,93286,108,6874,1,22,140,3929,26,572,84,6586,0,12,org.apache.commons.math3.linear.RealVectorTest.testMapToSelf,MATH,16,False
387,387,Math Bug 6 - Strong Oracle,1036,2460,81,265,0,0,4,30,0,0,137,253,0,1,org.apache.commons.math3.optim.nonlinear.vector.jacobian.LevenbergMarquardtOptimizerTest.testControlParameters,MATH,6,False
388,388,Math Bug 57 - Strong Oracle,377,22544,35,2059,0,0,4,406,1,12,56,2328,0,1,org.apache.commons.math.stat.clustering.KMeansPlusPlusClustererTest.dimension2,MATH,57,False
389,389,Math Bug 6 - Strong Oracle,4339,18039,86,1530,0,0,16,365,1,11,396,1426,0,1,org.apache.commons.math3.optim.univariate.BrentOptimizerTest.testQuinticMax,MATH,6,False
390,390,Math Bug 64 - Strong Oracle,1545,7984,122,689,0,0,57,358,21,62,39,90,0,54,org.apache.commons.math.optimization.general.MinpackTest.testMinpackBard,MATH,64,False
391,391,Math Bug 64 - Strong Oracle,1455,3847,130,404,0,0,47,130,9,13,53,74,0,1,org.apache.commons.math.optimization.general.LevenbergMarquardtOptimizerTest.testQRColumnsPermutation,MATH,64,False
392,392,Math Bug 64 - Strong Oracle,35,59,2,5,0,0,1,1,1,1,5,8,0,1,org.apache.commons.math.optimization.general.LevenbergMarquardtOptimizerTest.testQRColumnsPermutation,MATH,64,False
393,393,Math Bug 6 - Strong Oracle,1017,2865,82,356,0,0,2,20,0,0,137,289,0,1,org.apache.commons.math3.optim.nonlinear.vector.jacobian.MinpackTest.testMinpackBrownAlmostLinear,MATH,6,False
394,394,Math Bug 6 - Strong Oracle,1016,2864,81,355,0,0,2,20,0,0,137,289,0,1,org.apache.commons.math3.optim.nonlinear.vector.jacobian.MinpackTest.testMinpackLinearRank1ZeroColsAndRows,MATH,6,False
395,395,Math Bug 6 - Strong Oracle,2657,274510,138,17049,0,0,82,12621,15,309,237,12555,0,1,org.apache.commons.math3.fitting.HarmonicFitterTest.testUnsorted,MATH,6,False
398,398,Math Bug 74 - Strong Oracle,1793,1640755,145,146699,0,0,42,65508,16,4071,146,49853,0,402,org.apache.commons.math.ode.jacobians.FirstOrderIntegratorWithJacobiansTest.testHighAccuracyExternalDifferentiation,MATH,74,False
399,399,Math Bug 6 - Strong Oracle,1167,3073,93,354,0,0,10,51,0,0,139,247,0,1,org.apache.commons.math3.optim.nonlinear.vector.jacobian.LevenbergMarquardtOptimizerTest.testNoDependency,MATH,6,False
400,400,Math Bug 6 - Strong Oracle,1169,8144,89,605,0,0,12,420,1,40,144,489,0,1,org.apache.commons.math3.optim.nonlinear.vector.jacobian.MinpackTest.testMinpackBox3Dimensional,MATH,6,False
401,401,Math Bug 6 - Strong Oracle,1294,4447,110,582,0,0,3,4,0,0,203,472,0,1,org.apache.commons.math3.optim.linear.SimplexSolverTest.testMath290LEQ,MATH,6,False
403,403,Math Bug 6 - Strong Oracle,2792,158349,192,20453,0,0,3,456,2,100,327,15658,0,1,org.apache.commons.math3.optim.linear.SimplexSolverTest.testRestrictVariablesToNonNegative,MATH,6,False
404,404,Math Bug 44 - Strong Oracle,3479,18618400,206,867457,0,0,112,1589491,8,111069,246,439655,0,24,org.apache.commons.math.ode.nonstiff.ThreeEighthesIntegratorTest.testDecreasingSteps,MATH,44,False
405,405,Math Bug 44 - Strong Oracle,3885,38557020,233,1631570,0,0,116,3097258,8,152704,286,724420,0,1,org.apache.commons.math.ode.nonstiff.ThreeEighthesIntegratorTest.testDecreasingSteps,MATH,44,False
407,407,Math Bug 6 - Strong Oracle,1283,2863,128,376,0,0,4,6,0,0,191,330,0,1,org.apache.commons.math3.optim.linear.SimplexSolverTest.testMath290GEQ,MATH,6,False
408,408,Math Bug 64 - Strong Oracle,883,21672,66,1765,0,0,30,1065,8,14,36,547,0,7,org.apache.commons.math.optimization.fitting.HarmonicFitterTest.testInitialGuess,MATH,64,False
409,409,Math Bug 83 - Strong Oracle,85,214,11,26,0,0,0,0,0,0,12,29,0,1,org.apache.commons.math.optimization.linear.SimplexSolverTest.testMinimization,MATH,83,False
410,410,Math Bug 39 - Strong Oracle,1407,3884,85,278,0,0,52,151,6,9,82,159,0,410,org.apache.commons.math.ode.JacobianMatricesTest.testLowAccuracyExternalDifferentiation,MATH,39,False
411,411,Math Bug 6 - Strong Oracle,1169,45286,89,3153,0,0,12,2730,1,260,144,2194,0,1,org.apache.commons.math3.optim.nonlinear.vector.jacobian.MinpackTest.testMinpackOsborne2,MATH,6,False
412,412,Math Bug 74 - Strong Oracle,649,5948,33,489,0,0,38,274,10,15,37,88,0,1,org.apache.commons.math.ode.nonstiff.AdamsMoultonIntegratorTest.testMinStep,MATH,74,False
414,414,Math Bug 6 - Strong Oracle,238,291,9,19,0,0,0,0,0,0,34,37,0,1,org.apache.commons.math3.fitting.HarmonicFitterTest.testPreconditions1,MATH,6,False
415,415,Math Bug 39 - Strong Oracle,1929,26329,109,1713,0,0,75,1208,5,40,134,1033,0,1,org.apache.commons.math.ode.JacobianMatricesTest.testParameterizable,MATH,39,False
416,416,Math Bug 40 - Strong Oracle,402,2733,38,275,0,0,7,28,3,49,30,75,0,3,org.apache.commons.math.analysis.solvers.BracketingNthOrderBrentSolverTest.testQuinticZero,MATH,40,False
417,417,Math Bug 6 - Strong Oracle,622,1308,47,129,0,0,3,22,0,0,75,105,0,1,org.apache.commons.math3.optim.nonlinear.scalar.gradient.NonLinearConjugateGradientOptimizerTest.testCircleFitting,MATH,6,False
418,418,Math Bug 64 - Strong Oracle,915,14468,72,1250,0,0,31,717,8,62,36,322,0,6,org.apache.commons.math.optimization.fitting.GaussianFitterTest.testFit05,MATH,64,False
419,419,Math Bug 6 - Strong Oracle,1017,1793,82,212,0,0,2,4,0,0,137,201,0,1,org.apache.commons.math3.optim.nonlinear.vector.jacobian.MinpackTest.testMinpackFreudensteinRoth,MATH,6,False
420,420,Math Bug 6 - Strong Oracle,1012,3496,82,379,0,0,2,8,1,1,120,333,0,1,org.apache.commons.math3.optim.nonlinear.scalar.noderiv.SimplexOptimizerNelderMeadTest.testPowell,MATH,6,False
421,421,Math Bug 6 - Strong Oracle,439,1233,27,125,0,0,2,8,1,1,59,114,0,1,org.apache.commons.math3.optim.nonlinear.scalar.noderiv.SimplexOptimizerNelderMeadTest.testPowell,MATH,6,False
422,422,Math Bug 6 - Strong Oracle,1116,2178,91,263,0,0,6,15,0,0,139,214,0,1,org.apache.commons.math3.optim.nonlinear.vector.jacobian.LevenbergMarquardtOptimizerTest.testInconsistentEquations,MATH,6,False
423,423,Math Bug 6 - Strong Oracle,142,142,2,2,0,0,0,0,0,0,25,25,0,2,org.apache.commons.math3.optim.nonlinear.vector.MultiStartMultivariateVectorOptimizerTest.testGetOptimaBeforeOptimize,MATH,6,False
425,425,Math Bug 6 - Strong Oracle,1049,17889,81,1741,0,0,4,522,0,0,139,1485,0,1,org.apache.commons.math3.optim.nonlinear.vector.jacobian.LevenbergMarquardtOptimizerTest.testCircleFittingBadInit,MATH,6,False
426,426,Math Bug 64 - Strong Oracle,977,21766,68,1767,0,0,30,1065,8,14,37,548,0,6,org.apache.commons.math.optimization.fitting.HarmonicFitterTest.test1PercentError,MATH,64,False
428,428,Math Bug 74 - Strong Oracle,1741,2367658,134,121114,0,0,79,223614,20,15820,122,21554,0,1,org.apache.commons.math.ode.nonstiff.HighamHall54StepInterpolatorTest.derivativesConsistency,MATH,74,False
429,429,Math Bug 74 - Strong Oracle,3322,408091,195,30678,0,0,150,15332,22,2715,200,7833,0,7,org.apache.commons.math.ode.nonstiff.AdamsBashforthIntegratorTest.testIncreasingTolerance,MATH,74,False
430,430,Math Bug 39 - Strong Oracle,1572,14381,104,1092,0,0,48,563,5,8,136,681,0,205,org.apache.commons.math.ode.JacobianMatricesTest.testAnalyticalDifferentiation,MATH,39,False
431,431,Math Bug 6 - Strong Oracle,727,1573,66,214,0,0,0,0,0,0,102,176,0,1,org.apache.commons.math3.optim.nonlinear.vector.jacobian.GaussNewtonOptimizerTest.testRedundantEquations,MATH,6,False
432,432,Math Bug 64 - Strong Oracle,915,5356,72,468,0,0,31,241,8,28,36,118,0,7,org.apache.commons.math.optimization.fitting.GaussianFitterTest.testFit07,MATH,64,False
433,433,Math Bug 6 - Strong Oracle,4905,7891,59,146,0,0,0,0,0,0,416,755,0,1,org.apache.commons.math3.optim.nonlinear.vector.jacobian.LevenbergMarquardtOptimizerTest.testConstraintsUnsupported,MATH,6,False
434,434,Math Bug 6 - Strong Oracle,1296,94863,95,12805,0,0,8,11,6,6,150,8706,0,1,org.apache.commons.math3.optim.nonlinear.scalar.noderiv.BOBYQAOptimizerTest.testMaxEvaluations,MATH,6,False
436,436,Math Bug 66 - Strong Oracle,30,30,1,1,0,0,0,0,0,0,2,2,0,2,org.apache.commons.math.optimization.univariate.BrentOptimizerTest.testMinEndpoints,MATH,66,False
437,437,Math Bug 66 - Strong Oracle,269,6227,27,646,0,0,15,394,0,0,14,276,0,2,org.apache.commons.math.optimization.univariate.BrentOptimizerTest.testMinEndpoints,MATH,66,False
438,438,Math Bug 66 - Strong Oracle,105,105,11,11,0,0,4,4,0,0,6,6,0,63,org.apache.commons.math.optimization.univariate.BrentOptimizerTest.testMinEndpoints,MATH,66,False
439,439,Math Bug 64 - Strong Oracle,883,21474,66,1749,0,0,30,1055,8,14,36,542,0,6,org.apache.commons.math.optimization.fitting.HarmonicFitterTest.testUnsorted,MATH,64,False
440,440,Math Bug 74 - Strong Oracle,3498,5208381,202,402429,0,0,151,184788,22,33879,213,103932,0,1,org.apache.commons.math.ode.nonstiff.AdamsMoultonIntegratorTest.backward,MATH,74,False
441,441,Math Bug 28 - Strong Oracle,673,83241,84,11681,0,0,2,191,2,26,96,8545,0,5,org.apache.commons.math3.optimization.linear.SimplexSolverTest.testMath828,MATH,28,False
442,442,Math Bug 6 - Strong Oracle,6380,24297,132,1544,0,0,29,523,6,65,587,2211,0,1,org.apache.commons.math3.fitting.GaussianFitterTest.testFit01,MATH,6,False
443,443,Math Bug 64 - Strong Oracle,4373,11424,125,591,0,0,53,279,17,39,314,599,0,516,org.apache.commons.math.optimization.general.MinpackTest.testMinpackMeyer,MATH,64,False
444,444,Math Bug 74 - Strong Oracle,2942,6066370,154,416709,0,0,141,192454,20,61783,175,144548,0,1,org.apache.commons.math.ode.nonstiff.AdamsBashforthIntegratorTest.exceedMaxEvaluations,MATH,74,False
445,445,Math Bug 74 - Strong Oracle,1690,669101,127,23752,0,0,78,79036,19,8148,120,5866,0,1,org.apache.commons.math.ode.nonstiff.HighamHall54IntegratorTest.testBackward,MATH,74,False
446,446,Math Bug 74 - Strong Oracle,1622,218595,113,8014,0,0,77,25473,19,2673,126,2323,0,1,org.apache.commons.math.ode.nonstiff.HighamHall54IntegratorTest.testEventsNoConvergence,MATH,74,False
447,447,Math Bug 6 - Strong Oracle,1954,764154,192,99244,0,0,3,2479,3,354,312,74274,0,1,org.apache.commons.math3.optim.linear.SimplexSolverTest.testMath828,MATH,6,False
449,449,Math Bug 6 - Strong Oracle,6490,1534272037,495,173531770,0,0,263,22061136,43,290886,707,140803695,0,1,org.apache.commons.math3.optim.nonlinear.scalar.noderiv.BOBYQAOptimizerTest.testConstrainedRosen,MATH,6,False
450,450,Math Bug 16 - Strong Oracle,64,70,6,6,0,0,2,2,0,0,7,7,0,12,org.apache.commons.math3.complex.ComplexTest.testSinInf,MATH,16,False
455,455,Math Bug 6 - Strong Oracle,2103,9236,132,812,0,0,29,250,6,32,247,853,0,1,org.apache.commons.math3.fitting.GaussianFitterTest.testFit06,MATH,6,False
456,456,Math Bug 68 - Strong Oracle,2289,10179245,169,800766,0,0,74,477797,23,18642,85,32837,0,3,org.apache.commons.math.optimization.general.MinpackTest.testMinpackWatson,MATH,68,False
457,457,Math Bug 6 - Strong Oracle,498,886,46,136,0,0,0,0,0,0,54,56,0,1,org.apache.commons.math3.optim.nonlinear.scalar.noderiv.SimplexOptimizerNelderMeadTest.testBoundsUnsupported,MATH,6,False
458,458,Math Bug 6 - Strong Oracle,1593,13665,140,1761,0,0,2,25,2,10,257,1405,0,1,org.apache.commons.math3.optim.linear.SimplexSolverTest.testInfeasibleSolution,MATH,6,False
459,459,Math Bug 6 - Strong Oracle,5324,9383,92,287,0,0,4,7,1,1,443,887,0,1,org.apache.commons.math3.optim.nonlinear.scalar.MultivariateFunctionPenaltyAdapterTest.testStartSimplexInsideRange,MATH,6,False
460,460,Math Bug 6 - Strong Oracle,4751,7877,39,108,0,0,4,7,1,1,382,755,0,1,org.apache.commons.math3.optim.nonlinear.scalar.MultivariateFunctionPenaltyAdapterTest.testStartSimplexInsideRange,MATH,6,False
464,464,Math Bug 6 - Strong Oracle,6402,422725433,498,1014307099,0,0,265,133192487,41,1837891,687,821990240,0,1,org.apache.commons.math3.optim.nonlinear.scalar.noderiv.BOBYQAOptimizerTest.testElliRotated,MATH,6,False
465,465,Math Bug 74 - Strong Oracle,1775,1547979,135,87745,0,0,60,107686,15,3061,123,16546,0,1,org.apache.commons.math.ode.nonstiff.DormandPrince54StepInterpolatorTest.derivativesConsistency,MATH,74,False
467,467,Math Bug 6 - Strong Oracle,1032,1945,84,232,0,0,2,6,0,0,138,214,0,1,org.apache.commons.math3.optim.nonlinear.vector.jacobian.MinpackTest.testMinpackHelicalValley,MATH,6,False
468,468,Math Bug 6 - Strong Oracle,1037,21833,82,2899,0,0,2,302,0,0,140,1849,0,1,org.apache.commons.math3.optim.nonlinear.vector.jacobian.LevenbergMarquardtOptimizerTest.testKirby2,MATH,6,False
471,471,Math Bug 6 - Strong Oracle,1167,3073,93,354,0,0,10,51,0,0,139,247,0,1,org.apache.commons.math3.optim.nonlinear.vector.jacobian.LevenbergMarquardtOptimizerTest.testTwoSets,MATH,6,False
472,472,Math Bug 64 - Strong Oracle,926,2455,74,225,0,0,36,98,8,14,27,38,0,2,org.apache.commons.math.optimization.general.LevenbergMarquardtOptimizerTest.testMoreEstimatedParametersSimple,MATH,64,False
473,473,Math Bug 6 - Strong Oracle,920,1822,72,230,0,0,12,27,4,4,86,100,0,1,org.apache.commons.math3.optim.nonlinear.scalar.gradient.NonLinearConjugateGradientOptimizerTest.testColumnsPermutation,MATH,6,False
474,474,Math Bug 83 - Strong Oracle,79,114,8,12,0,0,0,0,0,0,12,16,0,4,org.apache.commons.math.optimization.linear.SimplexSolverTest.testRestrictVariablesToNonNegative,MATH,83,False
475,475,Math Bug 24 - Strong Oracle,188,255,17,25,0,0,3,4,0,0,15,20,0,6,org.apache.commons.math3.optimization.direct.PowellOptimizerTest.testQuadratic,MATH,24,False
476,476,Math Bug 6 - Strong Oracle,1124,2913,94,301,0,0,5,15,1,1,122,266,0,1,org.apache.commons.math3.optim.nonlinear.scalar.MultivariateFunctionPenaltyAdapterTest.testStartSimplexOutsideRange,MATH,6,False
477,477,Math Bug 6 - Strong Oracle,580,1214,41,109,0,0,5,9,1,1,64,117,0,1,org.apache.commons.math3.optim.nonlinear.scalar.MultivariateFunctionPenaltyAdapterTest.testStartSimplexOutsideRange,MATH,6,False
478,478,Math Bug 6 - Strong Oracle,727,13081,66,1894,0,0,0,0,0,0,102,1604,0,1,org.apache.commons.math3.optim.nonlinear.vector.jacobian.GaussNewtonOptimizerTest.testCircleFittingBadInit,MATH,6,False
479,479,Math Bug 6 - Strong Oracle,1070,9484,81,1237,0,0,2,118,0,0,149,840,0,1,org.apache.commons.math3.optim.nonlinear.vector.jacobian.LevenbergMarquardtOptimizerTest.testBevington,MATH,6,False
480,480,Math Bug 6 - Strong Oracle,727,1573,66,214,0,0,0,0,0,0,102,176,0,1,org.apache.commons.math3.optim.nonlinear.vector.jacobian.GaussNewtonOptimizerTest.testOneSet,MATH,6,False
481,481,Math Bug 6 - Strong Oracle,453,769,41,124,0,0,0,0,0,0,50,50,0,1,org.apache.commons.math3.optim.nonlinear.scalar.gradient.NonLinearConjugateGradientOptimizerTest.testBoundsUnsupported,MATH,6,False
482,482,Math Bug 24 - Strong Oracle,16,16,0,0,0,0,0,0,0,0,2,2,0,3,org.apache.commons.math3.optimization.univariate.BrentOptimizerTest.testQuinticMin,MATH,24,False
483,483,Math Bug 64 - Strong Oracle,783,2066,63,189,0,0,29,80,8,14,25,35,0,39,org.apache.commons.math.optimization.general.MinpackTest.testMinpackHelicalValley,MATH,64,False
488,488,Math Bug 39 - Strong Oracle,1796,29796,103,1969,0,0,75,1443,3,4,123,1178,0,1,org.apache.commons.math.ode.JacobianMatricesTest.testFinalResult,MATH,39,False
489,489,Math Bug 6 - Strong Oracle,1017,1793,82,212,0,0,2,4,0,0,137,201,0,1,org.apache.commons.math3.optim.nonlinear.vector.jacobian.MinpackTest.testMinpackRosenbrok,MATH,6,False
490,490,Math Bug 64 - Strong Oracle,785,36816,64,3514,0,0,28,1823,8,38,25,75,0,12,org.apache.commons.math.optimization.general.MinpackTest.testMinpackOsborne2,MATH,64,False
491,491,Math Bug 74 - Strong Oracle,3100,3177360,162,222375,0,0,142,98070,20,30733,188,78699,0,1,org.apache.commons.math.ode.nonstiff.AdamsMoultonIntegratorTest.exceedMaxEvaluations,MATH,74,False
492,492,Math Bug 74 - Strong Oracle,2449,4971490,186,408870,0,0,99,286299,23,31005,201,180927,0,1,org.apache.commons.math.ode.nonstiff.HighamHall54StepInterpolatorTest.serialization,MATH,74,False
493,493,Math Bug 64 - Strong Oracle,785,10311,64,956,0,0,28,491,8,20,25,45,0,15,org.apache.commons.math.optimization.general.MinpackTest.testMinpackOsborne1,MATH,64,False
494,494,Math Bug 53 - Strong Oracle,91,129,10,12,0,0,0,0,0,0,15,18,0,8,org.apache.commons.math.complex.ComplexTest.testAcosInf,MATH,53,False
495,495,Math Bug 6 - Strong Oracle,727,1299,66,174,0,0,0,0,0,0,102,142,0,1,org.apache.commons.math3.optim.nonlinear.vector.jacobian.GaussNewtonOptimizerTest.testTrivial,MATH,6,False
496,496,Math Bug 6 - Strong Oracle,5768,12649,112,422,0,0,21,156,5,33,464,993,0,1,org.apache.commons.math3.optim.nonlinear.scalar.MultivariateFunctionMappingAdapterTest.testStartSimplexInsideRange,MATH,6,False
497,497,Math Bug 6 - Strong Oracle,4105,7141,37,89,0,0,12,24,3,5,386,740,0,1,org.apache.commons.math3.optim.nonlinear.scalar.MultivariateFunctionMappingAdapterTest.testStartSimplexInsideRange,MATH,6,False
498,498,Math Bug 6 - Strong Oracle,6422,132143002,498,15048615,0,0,263,1824387,42,19785,691,12244229,0,1,org.apache.commons.math3.optim.nonlinear.scalar.noderiv.BOBYQAOptimizerTest.testRastrigin,MATH,6,False
499,499,Math Bug 24 - Strong Oracle,1177,49587,102,3273,0,0,42,2586,1,16,69,1837,0,7,org.apache.commons.math3.optimization.univariate.UnivariateMultiStartOptimizerTest.testSinMin,MATH,24,False
500,500,Math Bug 6 - Strong Oracle,1139,5636,85,527,0,0,12,192,1,16,142,435,0,1,org.apache.commons.math3.optim.nonlinear.vector.jacobian.MinpackTest.testMinpackMeyer,MATH,6,False
502,502,Math Bug 6 - Strong Oracle,1118,1783,92,210,0,0,6,6,0,0,139,192,0,1,org.apache.commons.math3.optim.nonlinear.vector.jacobian.LevenbergMarquardtOptimizerTest.testTrivial,MATH,6,False
503,503,Math Bug 6 - Strong Oracle,1146,83580,101,12258,0,0,1,900,0,0,149,5099,0,2,org.apache.commons.math3.optim.nonlinear.vector.MultiStartMultivariateVectorOptimizerTest.testIssue914,MATH,6,False
504,504,Math Bug 64 - Strong Oracle,783,106517,63,9439,0,0,29,5371,8,125,25,220,0,60,org.apache.commons.math.optimization.general.MinpackTest.testMinpackBrownAlmostLinear,MATH,64,False
505,505,Math Bug 64 - Strong Oracle,783,1390,63,129,0,0,29,51,8,11,25,30,0,24,org.apache.commons.math.optimization.general.MinpackTest.testMinpackRosenbrok,MATH,64,False
506,506,Math Bug 64 - Strong Oracle,2313,31715,175,3063,0,0,75,1061,24,209,82,652,0,1,org.apache.commons.math.optimization.general.MinpackTest.testMinpackRosenbrok,MATH,64,False
507,507,Math Bug 81 - Strong Oracle,2780,240285,160,10388,0,0,138,10646,33,2780,50,5525,0,2,org.apache.commons.math.linear.EigenDecompositionImplTest.testTridiagonal,MATH,81,False
508,508,Math Bug 64 - Strong Oracle,860,21043,69,2019,0,0,29,821,8,11,38,1087,0,18,org.apache.commons.math.optimization.general.LevenbergMarquardtOptimizerTest.testCircleFittingBadInit,MATH,64,False
509,509,Math Bug 64 - Strong Oracle,110,6514,9,697,0,0,2,175,1,1,15,709,0,1,org.apache.commons.math.optimization.general.LevenbergMarquardtOptimizerTest.testCircleFittingBadInit,MATH,64,False
510,510,Math Bug 64 - Strong Oracle,92,3269,6,348,0,0,2,88,1,1,11,355,0,1,org.apache.commons.math.optimization.general.LevenbergMarquardtOptimizerTest.testCircleFittingBadInit,MATH,64,False
511,511,Math Bug 6 - Strong Oracle,4555,20103,90,1955,0,0,1,9,0,0,464,2055,0,2,org.apache.commons.math3.optim.nonlinear.vector.MultiStartMultivariateVectorOptimizerTest.testTrivial,MATH,6,False
512,512,Math Bug 44 - Strong Oracle,3476,17493657,207,867484,0,0,105,1229887,8,111069,251,439766,0,24,org.apache.commons.math.ode.nonstiff.ClassicalRungeKuttaIntegratorTest.testDecreasingSteps,MATH,44,False
513,513,Math Bug 44 - Strong Oracle,3843,36848667,231,1628865,0,0,108,2565383,8,152461,292,723427,0,1,org.apache.commons.math.ode.nonstiff.ClassicalRungeKuttaIntegratorTest.testDecreasingSteps,MATH,44,False
514,514,Math Bug 74 - Strong Oracle,3322,609379,195,52731,0,0,150,19135,22,3091,200,14467,0,7,org.apache.commons.math.ode.nonstiff.AdamsBashforthIntegratorTest.polynomial,MATH,74,False
515,515,Math Bug 74 - Strong Oracle,1798,187345,146,16625,0,0,42,7908,16,439,146,4941,0,402,org.apache.commons.math.ode.jacobians.FirstOrderIntegratorWithJacobiansTest.testLowAccuracyExternalDifferentiation,MATH,74,False
518,518,Math Bug 6 - Strong Oracle,1266,9259,88,987,0,0,3,90,0,0,177,986,0,1,org.apache.commons.math3.fitting.PolynomialFitterTest.testMath798WithToleranceTooLowButNoException,MATH,6,False
519,519,Math Bug 24 - Strong Oracle,4064,7778,57,193,0,0,16,56,1,3,368,755,0,1,org.apache.commons.math3.optimization.univariate.BrentOptimizerTest.testQuinticMax,MATH,24,False
520,520,Math Bug 40 - Strong Oracle,1231,19458,72,1750,0,0,35,305,7,241,89,795,0,10,org.apache.commons.math.analysis.solvers.BracketingNthOrderBrentSolverTest.testFasterThanNewton,MATH,40,False
521,521,Math Bug 44 - Strong Oracle,1468,4669,72,190,0,0,89,380,3,11,71,146,0,1,org.apache.commons.math.ode.nonstiff.DormandPrince853IntegratorTest.testUnstableDerivative,MATH,44,False
522,522,Math Bug 6 - Strong Oracle,1904,42522,184,5629,0,0,3,83,2,24,306,4348,0,1,org.apache.commons.math3.optim.linear.SimplexSolverTest.testDegeneracy,MATH,6,False
523,523,Math Bug 74 - Strong Oracle,649,5948,33,489,0,0,38,274,10,15,37,88,0,1,org.apache.commons.math.ode.nonstiff.AdamsBashforthIntegratorTest.testMinStep,MATH,74,False
524,524,Math Bug 6 - Strong Oracle,1318,41234,102,3076,0,0,42,2039,1,19,96,1764,0,1,org.apache.commons.math3.optim.univariate.BrentOptimizerTest.testSinMin,MATH,6,False
525,525,Math Bug 66 - Strong Oracle,228,292,16,23,0,0,3,5,0,0,23,25,0,6,org.apache.commons.math.optimization.general.PowellOptimizerTest.testQuadratic,MATH,66,False
526,526,Math Bug 66 - Strong Oracle,524,2637,50,249,0,0,18,124,1,2,35,123,0,6,org.apache.commons.math.optimization.general.PowellOptimizerTest.testQuadratic,MATH,66,False
527,527,Math Bug 66 - Strong Oracle,304,368,27,34,0,0,7,9,0,0,27,29,0,139,org.apache.commons.math.optimization.general.PowellOptimizerTest.testQuadratic,MATH,66,False
531,531,Math Bug 64 - Strong Oracle,4484,8514,130,367,0,0,47,111,9,13,328,605,0,1,org.apache.commons.math.optimization.general.LevenbergMarquardtOptimizerTest.testInconsistentSizes,MATH,64,False
532,532,Math Bug 64 - Strong Oracle,3191,5343,15,32,0,0,5,8,1,1,284,542,0,1,org.apache.commons.math.optimization.general.LevenbergMarquardtOptimizerTest.testInconsistentSizes,MATH,64,False
533,533,Math Bug 64 - Strong Oracle,783,3158,63,287,0,0,29,136,8,14,25,35,0,6,org.apache.commons.math.optimization.general.MinpackTest.testMinpackBox3Dimensional,MATH,64,False
534,534,Math Bug 74 - Strong Oracle,1270,215898,86,7911,0,0,67,25167,17,2637,92,2242,0,1,org.apache.commons.math.ode.nonstiff.HighamHall54IntegratorTest.testEventsErrors,MATH,74,False
536,536,Math Bug 6 - Strong Oracle,5272,19021,168,1719,0,0,2,16,2,8,601,1986,0,1,org.apache.commons.math3.optim.linear.SimplexSolverTest.testUnboundedSolution,MATH,6,False
537,537,Math Bug 68 - Strong Oracle,2545,4243652,179,370896,0,0,72,220389,21,15753,130,35398,0,4,org.apache.commons.math.optimization.fitting.PolynomialFitterTest.testNoError,MATH,68,False
541,541,Math Bug 6 - Strong Oracle,964,3485,73,394,0,0,16,91,4,4,85,99,0,1,org.apache.commons.math3.optim.nonlinear.scalar.gradient.NonLinearConjugateGradientOptimizerTest.testTwoSets,MATH,6,False
542,542,Math Bug 74 - Strong Oracle,1896,1679233,146,132661,0,0,62,90435,14,2722,142,26551,0,1,org.apache.commons.math.ode.sampling.StepNormalizerTest.testBeforeEnd,MATH,74,False
543,543,Math Bug 6 - Strong Oracle,1123,2912,94,301,0,0,5,15,1,1,122,266,0,1,org.apache.commons.math3.optim.nonlinear.scalar.MultivariateFunctionPenaltyAdapterTest.testHalfBounded,MATH,6,False
544,544,Math Bug 6 - Strong Oracle,580,1214,41,109,0,0,5,9,1,1,64,117,0,1,org.apache.commons.math3.optim.nonlinear.scalar.MultivariateFunctionPenaltyAdapterTest.testHalfBounded,MATH,6,False
546,546,Math Bug 15 - Strong Oracle,778,15458,45,1498,0,0,49,611,3,27,14,86,0,8,org.apache.commons.math3.util.FastMathStrictComparisonTest.test1[11],MATH,15,False
547,547,Math Bug 6 - Strong Oracle,355,528,23,65,0,0,0,0,0,0,48,51,0,1,org.apache.commons.math3.optim.nonlinear.scalar.noderiv.BOBYQAOptimizerTest.testBoundariesDimensionMismatch,MATH,6,False
